タイトル,販売状態,商品の状態,発送元,送料,価格(表示),価格(USD),販売日時,URL
Shop on eBay,N/A,Brand New,N/A,N/A,$20.00,20.0,N/A,https://ebay.com/itm/123456?itmmeta=012DEW30YG0MEEKND7NH&hash=item123546:g:acwAA9KNiJowH:sc:ShippingMethodStandard!95008!US!-1&itmprp=enc%3AbgepL1tlUHjMGCVfSTGJh%2BzsVKeJ3CQk7NizDI4BZeppuFnmyS6Ijyp8lh%2FnEw%2BWqO7uTV1Q6izE1R0T54aV8j71F4xlWfVcGft4%2FiOQhtqVXA1rW6M1atPARQRmhqUxtEPJKhKtSFgI%2Bvwlzb0GwVCtkp%3ABlBMUObkmabpYw
Shop on eBay,N/A,Brand New,N/A,N/A,$20.00,20.0,N/A,https://ebay.com/itm/123456?itmmeta=012DEW30YG0MEEKND7NH&hash=item123546:g:acwAA9KNiJowH:sc:ShippingMethodStandard!95008!US!-1&itmprp=enc%3AbgepL1tlUHjMGCVfSTGJh%2BzsVKeJ3CQk7NizDI4BZeppuFnmyS6Ijyp8lh%2FnEw%2BWqO7uTV1Q6izE1R0T54aV8j71F4xlWfVcGft4%2FiOQhtqVXA1rW6M1atPARQRmhqUxtEPJKhKtSFgI%2Bvwlzb0GwVCtkp%3ABlBMUObkmabpYw
ディズニー ツイストワンダーランド ぬいぐるみ 一番くじ賞G イディアシュラウド 箱なし,N/A,中古品,発送元 日本,送料無料,"4,485 円",29.9,N/A,https://www.ebay.com/itm/334628459096?_skw=Ichiban+Kuji&itmmeta=01JEH2VJ9G5KAE37MSBXPRY6FQ&hash=item4de9691258:g:HgMAAOSwcTxlKQby&itmprp=enc%3AAQAJAAAA0HoV3kP08IDx%2BKZ9MfhVJKnSzBpL9tMvG%2BzMfsp4lJyfawOHRsMm0Zyxrqhj6poFxCYlqCAK8DjwJ4WGfLKi7MfJMzDGNWxQpJr566a8LHkcJv12YkfYmhdLJFFdOb%2BvueYWKTjlZynaYb40Tjm99huDe3ZmDAk%2BI0%2Bm60wzajCJU5vljfc996wsTXAAW2x0%2Bj3jKpLaZku66aIMIg6trYVIfdfM58K9vJVMR151xzVS8RBHyoe7D9jKG5TuH%2F3KqYiWsCN92GqnljP3f%2FXzzBQ%3D%7Ctkp%3ABk9SR-qk7qL0ZA
ドラゴンボールVSオムニバスブレイブイチバンクジ賞Eブルマフィギュア(B/1),N/A,真新しい新品,発送元 英国,"＋見積り送料 5,561 円","12,425 円",82.83333333333333,N/A,https://www.ebay.com/itm/186723226301?_skw=Ichiban+Kuji&itmmeta=01JEH2VJ9GPVTNWXEPNX4J0JZH&hash=item2b799252bd:g:li4AAOSwsExnCmL~&itmprp=enc%3AAQAJAAAA8HoV3kP08IDx%2BKZ9MfhVJKnCz3VABbuHgSi9CZRIKyNWehlE7KARLwayJVYiGRLgsA%2B2nd6cjAtuMm4oeBAm%2FXOTj3n0zWXgZ9s0q7%2BLPkg3N6h1JMmYClZKp6BGkqT3jqgJMbHtG249kVKn25YR8wcu5IdIJbzTUmtL0aRae%2B4UuaAhbVrHtsw%2BSgcpFBpbgE0aiwzcI7xVul988ZR--utoPRpe4G%2F3gcbxUR%2B9WhOo6v1OZDyai2JiV1XLcF9BOIVwbo%2BIiciXZG66D5ePBZkWh6IZ523Nuq9erFQ%2BcqAIDmj9ELvEQopy9WyYYx6z8w%3D%3D%7Ctkp%3ABk9SR-qk7qL0ZA
僕のヒーローアカデミア 爆丸勝樹 一番くじBフレンドフィギュア(B/1),N/A,真新しい新品,発送元 英国,"＋見積り送料 4,628 円","5,544 円",36.96,N/A,https://www.ebay.com/itm/186827411405?_skw=Ichiban+Kuji&itmmeta=01JEH2VJ9G5ATMWKSY51BX9N3Z&hash=item2b7fc80fcd:g:cwQAAOSwjqxnUMNG&itmprp=enc%3AAQAJAAAA0HoV3kP08IDx%2BKZ9MfhVJKlC4HBMfsLzB0uIlfo%2Bzfd13Np8ltwgdO38qnrJ%2BqueKTr9VSsL%2FLxBxquYo%2FUNfJD8E9b7PGauwNizJ8kGgxoo46UP6kUDYDvdwtSbRqtqA2BG2k7VtzCaOBsF2NgPo9sxiiFRtgf2kYq6n4Fx8HjbkkJfYSEzT2CIOfmLcWIZ455lTo13IT9Xfi4a8dcxifnVLGrF0MB5c2RDxJcC%2FV0DHu4sQYBasqEHew1u%2BJq73t%2BBwfWym0uwQ9C0cvfwvUc%3D%7Ctkp%3ABk9SR-qk7qL0ZA
aa078 麦わら帽子 クルーワンピース一番くじファイルフォルダ ナミロビン 12インチ x 9,N/A,真新しい新品,発送元 米国,"＋送料2,844 円","1,497 円",9.98,N/A,https://www.ebay.com/itm/146212237724?_skw=Ichiban+Kuji&itmmeta=01JEH2VJ9GK1TNTGH4CNY36RHR&hash=item220aedb19c:g:EPoAAOSwwU9nQB5n&itmprp=enc%3AAQAJAAAA8HoV3kP08IDx%2BKZ9MfhVJKlKQuV6lrG%2BHTa3ArFJqjbPDJuMjBVVhwSjM0r9tLN4KYuOu3GKLc2vinlDr%2BMJhKty1f9hdxfqUDMcTjIphcxOH5%2BNlCPCyGdZ7xVHyaHKhh4o2LHvKobDTdUo%2BnRZ7a8XwTRrX3q%2B8eAWPvox5wSV1qwdCxOQPM%2Bcx2DxzmxeM9pD1BuFSpZszcwF1zEdgnZHoZbYrza4vUCp9TyCgbN4xNKEC3kur%2BmuchtjF80OxC1muw2ucWCuTVkZZTt4tzf%2Bw2Xx--vARvFwiGbbZ1FuUQCYgbi3vFEHtAr6JSBGIg%3D%3D%7Ctkp%3ABk9SR-qk7qL0ZA
Ichiban Kuji Godzilla x Kong 新帝国 F モンスターマグネット ゴジラ 1984,N/A,中古品,発送元 日本,送料無料,"2,805 円",18.7,N/A,https://www.ebay.com/itm/286169255105?_skw=Ichiban+Kuji&itmmeta=01JEH2VJ9H0SV768NBSG4XVQAM&hash=item42a1044cc1:g:KqAAAOSw5glnFfmQ&itmprp=enc%3AAQAJAAAA0HoV3kP08IDx%2BKZ9MfhVJKnlyVdRSJLVaDjioMTajjUpu%2B%2B2cFndWbi49TSUz%2B9T1Kr0jszhdnIn9Tzd%2BsnLOcYcYZ2oVbEhTloX2UNGjNAAz8vVGQwu6NzpV1vmdSIQrDZc7ZKFRlvn70Ff6UDgM3KnupTVM2u4%2BDn%2Fg6DsnP3XlOqNJPQwhQBBjyIVbLgR508lDv6QazNsQP93GCI2ehmgNe1TGVgIXdZ9cbl4cVnSfaLkzcxVGiwM77QjbN1oJ2e8dzOnADK5V98DtSU9fB4%3D%7Ctkp%3ABk9SR-qk7qL0ZA
一番上くじ 坂田銀時 レイヤー スケープ フィギュア 賞 ジンタマ バンダイ 日本,N/A,真新しい新品,発送元 米国,"＋送料9,729 円","8,249 円",54.99333333333333,N/A,https://www.ebay.com/itm/226361282503?_skw=Ichiban+Kuji&epid=9068190472&itmmeta=01JEH2VJ9HBHJ94MCC7K84YXA5&hash=item34b42f0fc7:g:HOsAAOSwaxZm7NzE&itmprp=enc%3AAQAJAAAA0HoV3kP08IDx%2BKZ9MfhVJKl4lQVXJmEr7BDOfjxUSyWpzOmnxh8KQ%2FJtp42jVIvMCdDvdIcjm2Yz%2BGFW%2B2kPfJLKMekIYwmnSAmGTKfopsE0DGdxVoVxP6hXWXO8detAxsH34GMObrJvCcThWRv8UX0svN81fnezbjcc77oGLEcjtyU%2B8Bufoox7Igoo7CLtmZ%2FKU1BMZ50SZYKqeoalGVDVjEaAfiVldeZIWqohU5sZkoT7PrLnqknksQR6--ptnJBw3l9m1mZ%2BPnpDdzp7sKw%3D%7Ctkp%3ABk9SR-qk7qL0ZA
K-on! 中野梓 プレミアムデスデビルフィギュア 一番くじ賞 ブラックカワイイ,N/A,中古品,発送元 日本,送料無料,"7,133 円",47.553333333333335,N/A,https://www.ebay.com/itm/286036370609?_skw=Ichiban+Kuji&itmmeta=01JEH2VJ9HN2Y07MW2MT9AAPJK&hash=item429918a4b1:g:BjEAAOSwNSxm0Xci&itmprp=enc%3AAQAJAAAA0HoV3kP08IDx%2BKZ9MfhVJKmUhCWtqZAN2lrNB4UFXIdlCb6QwECpRh8DrPK%2BpyD8EhKdRKAYIuAW8%2BCpplSD%2BRaCsrolxA0VSEa1nGQWYSe3GX4NtDK%2B%2Bgmjn06xvD2EzJlV4d0lds9Y8oba6rFmuWpWxWZVhWbZOJocteL9YgoB8QJb5JaNhFhnpMrLjiMJhURkLwCnopf61c4aPeqbKhqqXqAhtlinUt3zEMXEh4Egxp59tkrMcd3mb%2FzByxNz5wjrUOjp49gPEyjsC0rRF1I%3D%7Ctkp%3ABk9SR-qk7qL0ZA
Ichiban Kuji KINGDOM HEARTS Linking Hearts F プライズデザイン タンブラー 5 個セット 新品,N/A,真新しい新品,発送元 日本,"＋送料1,500 円","4,007 円",26.713333333333335,N/A,https://www.ebay.com/itm/375459110825?_skw=Ichiban+Kuji&itmmeta=01JEH2VJ9HBN6SD35CHY8DSZEE&hash=item576b1b5fa9:g:NZQAAOSw~shmWRTM&itmprp=enc%3AAQAJAAAA8HoV3kP08IDx%2BKZ9MfhVJKkDdDzNxWEXUTV00KKSCKTpLCZs46bT0z5AHn3YylZzISzSmmNkaWZUIr%2FmJvknFNysrTSgE8Szf4GyLcBuPY0y7p8YKN%2FlZr1wqMNc8XIdq3rE8CwWmptBLUNKXj1yONKDGRkjjSc%2FWcSC2IIoPQ7R%2FaIroFW14Zc28BFAh9TjDxgi%2BHbiXMzqADRUnyeoddgF7y5dHSQIUz3FCqZgwTGMrgsZAobfj8fwG%2BOZd5z1P8VRocdEIfCNTQ%2BfB35ueePuNuO6z9NJ3Gs1wsYkrclF4AZUYD5fVC%2BT5CqUCy2l5Q%3D%3D%7Ctkp%3ABk9SR-qk7qL0ZA
一番くじワンピース EX 四国の慶喜 D賞 ライオンソングマグ ゾロ新日本,N/A,真新しい新品,発送元 日本,"＋送料1,500 円","6,276 円",41.84,N/A,https://www.ebay.com/itm/375436071463?_skw=Ichiban+Kuji&itmmeta=01JEH2VJ9HYREWFGJ268EFZDKN&hash=item5769bbd227:g:XDEAAOSwdaVmSBV8&itmprp=enc%3AAQAJAAAA8HoV3kP08IDx%2BKZ9MfhVJKkGSyX7PZWcSKftQ73QRnjrKhLkO5yc0mlQ%2BOqAEZuwjFSAYLEmjDNWnb2hfyAze0o%2B4Rh3AiQzacQxGbl5WrGpO3LSgMQp%2BRRhIlv12ybzFAgtfMgZiafQFDSjj9DzzkZ8eBVYQtUCwrd9Qha16GbXYuiwvjHK2Nw8aXS%2BPqDTLjfKrT9NdCff1LsD4UtNnCyHI0mDf%2FD6gyYJ56Gw5behUkVv20vs5nHCM6ECJqs9WTqANM9heaybbruteEO2Fsc7mOJjPr8wJRIx7C%2BcrhThpwZKa4E9oQmVQSG4Qo3LDg%3D%3D%7Ctkp%3ABk9SR-qk7qL0ZA
Pikmin ichiban kuji acrylic light A prize,N/A,真新しい新品,発送元 オーストラリア,"＋送料2,397 円","6,711 円",44.74,N/A,https://www.ebay.com/itm/266444219164?_skw=Ichiban+Kuji&itmmeta=01JEH2VJ9HYENA430P0ZDSBXFW&hash=item3e0950231c:g:lq0AAOSw68llIQ2T&itmprp=enc%3AAQAJAAAA0HoV3kP08IDx%2BKZ9MfhVJKmlHZTa4z6M9eY9tDae4ZbDFADg7vR9TwzyTpQi01%2FAQHlvJAMIlLdUUl23EZJ5gg%2Bsd6CXxd5ty%2Bxch6Eed0V5w1V3%2Bp%2FrXDx6ntxmU9VOxyYqz2u%2B3wDkOyVAUgzMl0ChkLzk28KujMhACdkBgQlzemNORSh7bUfPt5WfbI8gg3YUKJ0bt%2Fa33QHH%2FBINP4eio0qAS3QDuQxjwdTtyHcmafe0138mfxDvxuxYO3zVKoUcP1HTr4vw0QubZ2jIsLk%3D%7Ctkp%3ABk9SR-qk7qL0ZA
ワンピース モンキーDドラゴン 一番くじ 革命の炎賞 フィギュア 新品,N/A,N/A,発送元 米国,"＋送料10,320 円","6,000 円",40.0,N/A,https://www.ebay.com/itm/266923286512?_skw=Ichiban+Kuji&itmmeta=01JEH2VJ9HH8DYVYSR1BBE05JW&hash=item3e25de1ff0:g:BcYAAOSwuhlmpDAU&itmprp=enc%3AAQAJAAAA0HoV3kP08IDx%2BKZ9MfhVJKkGXwnH8BDLN9kMXaKdKcvDd8%2FVtSbpNjFd8E4ap18Pf98wjMKlKfCiaC2x97v7kbQp%2FSU8MFlqvLoNMyd6ldxFSYl5ywAfQ%2FcBbhYPpF34UGEo4vxhEp3PAMqiwKrRDXWxw%2FXtu23jeG3VfiIAnKAFyAGzBVdgufSSbQlSScwCentXovz%2FbgEmbPOYnQEgSDrWnSXvKV2qzjxXiYTkr64fJpXKuYe6c%2Ffb%2Fo7GmWRrp1qO927PWVSotA1Ue%2FTxa6w%3D%7Ctkp%3ABk9SR-qk7qL0ZA
一番くじ ディズニーキングダムハーツ セカンドメモリーソラ&ロクサス フィギュアスタチュー,N/A,中古品,発送元 日本,送料無料,"8,700 円",58.0,N/A,https://www.ebay.com/itm/146104014976?_skw=Ichiban+Kuji&itmmeta=01JEH2VJ9H8PD8K2D5F8E0AR1J&hash=item22047a5880:g:OGsAAOSweARnDl3l&itmprp=enc%3AAQAJAAAA0HoV3kP08IDx%2BKZ9MfhVJKmBK9elEjBx7lvhlv6JsHGGty6knBEzgzQ%2BFP8AEBSMu7VGrygj%2FLevje9RSg6G8z68qP7pSy3iEHmgOO0mt2Qc8JcMmQoAlQ4X1xoLQG3R8T3RI5MI6QxM1Kvys%2FTiWRe4uiZS2WwOBHvZiLxXeGKp2RmOFVPNNjQSnOJZ1pryUVzWQY2HYSQfHb2RPOg%2Fa0mkpNtWNl7FOLa8PFpCYPqPxH1LvNH4bb7cfAAlWxD6EJ9R22eP83bhGqo3iY4eqIs%3D%7Ctkp%3ABk9SR-qk7qL0ZA
一番くじ ポケモン ファンタジークローゼット賞 新ローレットぬいぐるみ タグ付き新品 D,N/A,中古品,発送元 米国,"＋送料8,750 円","2,699 円",17.993333333333332,N/A,https://www.ebay.com/itm/175905129287?_skw=Ichiban+Kuji&itmmeta=01JEH2VJ9HNMY1W2NF5XKCH0ZE&hash=item28f4c34347:g:GFUAAOSwT45lBivK&itmprp=enc%3AAQAJAAAA0HoV3kP08IDx%2BKZ9MfhVJKmU8wRSx6Xo2N9fXvMrVGObR3PON2kQrKc0ga6FUUw8kBDcxYnCOze%2BJ7A2IydD4pmMdF9nunnozFi5Bi%2BuWdMWbqBaW4wbq7zKvuWKkH6gDVhHd0NtFsbqWL1Em9wwrzzw4f6k4A31BE3xufltH%2FCMpk12gBLp0gYRsk5vcSyV6UmRp%2BxYDf6bNZI3%2BT0f%2BKj6DNmd2VQGWFO2tyH00SpyiCjUKU%2BYXiaim15h%2FhBvYauYGhPLujdtDU6mXAUIfpw%3D%7Ctkp%3ABk9SR-qk7qL0ZA
トレーディングフィギュア ダビチョコノッコ 一番寺 僕のヒーローアカデミアファイトオンG賞,N/A,真新しい新品,発送元 米国,"＋送料2,313 円","3,750 円",25.0,N/A,https://www.ebay.com/itm/167049626995?_skw=Ichiban+Kuji&itmmeta=01JEH2VJ9HKWERQY4Y62MASM8V&hash=item26e4ef0573:g:eDEAAOSwx5tnHqyn&itmprp=enc%3AAQAJAAAA8HoV3kP08IDx%2BKZ9MfhVJKkNi%2BV2FvST5xWp0vHrJ2L%2Bv43E%2Bs7%2B8Qi%2Fb96qZpMi440nnBMgJmPDQW6uOFt1sOy5HT5dHtDXjaKaKz%2BcIyb%2FifH1cGYA7qLrBq--azpUG4jMvUQwibo48xRyjyzwFJngAwkjSkGpYYf0qMpS%2FqdjmJUYLFbeFEXsZIfF10qy13bZrzSlWkULLIDt%2BQ8nPMj%2FXt0z29scLtELG6PuGa7ChyMbd%2B2x8rTq1qum9QjFymgH0VNfYQimZBMbNJ2rLgEdm3YAsJh8BLiNcxZGAA6oLO5mAgfxZp2bP2X12FETjQ%3D%3D%7Ctkp%3ABk9SR-qk7qL0ZA
スーパーマスタースターズ ジオラマ SMSD悟空02「ブラシII」一番くじ日本Ver.,N/A,中古品,発送元 米国,"＋送料9,660 円","6,150 円",41.0,N/A,https://www.ebay.com/itm/176710946889?_skw=Ichiban+Kuji&itmmeta=01JEH2VJ9HZD427PBR8ACP5RF3&hash=item2924cb1049:g:mY4AAOSwQS5nSl4d&itmprp=enc%3AAQAJAAAA0HoV3kP08IDx%2BKZ9MfhVJKkZAD18QHEeoth%2BIkiR9QL%2FxEbiQ27AcEI7ddmg%2FcywEs26ai9JIHA162p%2Fx8UCVhXu%2BxIGozPUSXBCDXv25Xds7le1JndnvxaTujijQ8oQtiXkCX1GGmlh0L%2F7bmPkLhNCRBh4PfWVqbjzylivPCzdQOJybe%2F65Pg7%2B8BQ7EVStvnBNQkFU%2BO4mNVipiDZn6NQgWqjyzxL5fqD8r8tyDopskiMSx1OoqEppSQtGOTw2X9N0aP8zVB3E%2BjihKGM1O8%3D%7Ctkp%3ABk9SR-yk7qL0ZA
スーパーマスター スターズ ジオラマ SMSD悟空01 「ブラシ」一番くじ 日本版,N/A,中古品,発送元 米国,"＋送料9,636 円","5,400 円",36.0,N/A,https://www.ebay.com/itm/176710942969?_skw=Ichiban+Kuji&itmmeta=01JEH2VJ9HG8PZZTBXF1V9PQY9&hash=item2924cb00f9:g:WWEAAOSwT~BnSlzR&itmprp=enc%3AAQAJAAAA0HoV3kP08IDx%2BKZ9MfhVJKkQ3nZPNL0f9PNGNgq4SyWrC5jLxVSoBdusjgcHm6KcwCazAWplBndhUXBHw6X7bRnQEhZ3l7CcDjrbUwjbzVCK1YaK7cGuTqufGHm%2BTL%2FzAqiB5ab0SVe31tuH3LkyTUvBTHBeeUoZDGo%2B5SB9HQKkLa5z6SF4q3mL%2FFQ6yM%2FksfL4NcTpFqSn0%2B7J%2Bnlb4o3RbHWiEkjEyImNR1IaeO1Ldy9aOq6soAww2Ke7HzWtoetp8TK9YMaU0CqfYnO9wH4%3D%7Ctkp%3ABk9SR-yk7qL0ZA
ハンター ハンター キルア フィギュア B 一番くじ 出発日 マスターライズ 新品,N/A,真新しい新品,発送元 日本,送料無料,"11,459 円",76.39333333333333,N/A,https://www.ebay.com/itm/145669701224?_skw=Ichiban+Kuji&itmmeta=01JEH2VJ9H81RMXCSY48VY33QC&hash=item21ea973e68:g:6BYAAOSw7lll9jXY&itmprp=enc%3AAQAJAAAA0HoV3kP08IDx%2BKZ9MfhVJKnxyQJ71nHRivaMTPLcCyWxb7yfsSxzXuYX9N%2BBHeJV609pJ0IR2Nz0UPVYZmEnMbyrYV4tBSLdVpyyUTVFqbJvC%2BpVlIQbgoy9wYZbUDyJiPm5msSkGdeHdNB43712typyIWMZi%2FzS5qapDEFZCdZmcJvHiuVdQa%2BpPne%2FxLj2tzi0kD2fb0BdSW86e0XarVZ%2Be%2BQS4rK04HTFVn9ORId9huCvc9uuzCGJoeExp4x1B5l4Rj4dW7dwmFMM%2BoNKADw%3D%7Ctkp%3ABk9SR-yk7qL0ZA
一番くじ ドラゴンボール 大島B賞 ベジータ(ミニ)・ブルマ(ミニ) フィギュア 1DAY,N/A,真新しい新品,発送元 日本,"＋送料1,500 円","5,549 円",36.99333333333333,N/A,https://www.ebay.com/itm/335696957969?_skw=Ichiban+Kuji&itmmeta=01JEH2VJ9HR43G0C9068PG510B&hash=item4e29191211:g:YBMAAOSwlKRnSRS6&itmprp=enc%3AAQAJAAAA8HoV3kP08IDx%2BKZ9MfhVJKlCJQMzbpkAt5bfh4HyB23L2inhn9jfMg71%2FecFhe0pFZr82xk5XFPgJYAI8%2FWVnTIaIlwB0LNHUD8Kn3DJBP10ZAFuaMalP7gA%2FypVEMFCQa4tOxm8G9pJHue8XM6E7D36uTzoCgr2U86b%2B7VDJVUbgqtEvyhXh9asgxCcvmIr2utHiKj9is5eO8bh9RINd7eh2unk7A4iPSZ9r8pP2Zg3uGltU1NKUDwaBudnlFIDCmtDuJRpmZjTn1hYZT7PZdPWKYJ6jh3Bu7jFkrDlBkhf8FpoKx2J0HuOAICp2y8FEg%3D%3D%7Ctkp%3ABk9SR-yk7qL0ZA
Re:Zero - Rem - ~Hello Ama Happy Life!~ (C Prize) - Ichiban Kuji,N/A,中古品,発送元 オーストラリア,"＋送料4,793 円","9,587 円",63.913333333333334,N/A,https://www.ebay.com/itm/204234048242?_skw=Ichiban+Kuji&itmmeta=01JEH2VJ9HZP03RJ6CB1BDHPPA&hash=item2f8d4c42f2:g:4YoAAOSwYQ9j3wI0&itmprp=enc%3AAQAJAAAA8HoV3kP08IDx%2BKZ9MfhVJKne7Z2MDjii%2BcSCp8emn89f1m6x1yfQGBJuF4ms4IkLaytgPpY8qsUmmZuqL9VcADLAeqMTxL90LVxWzRx9oZwIkkuC7w4btZcE4EIDq7Z1POg7%2Fg1jYfFtjAF26Vy8PaqxKRTByVm%2FPgOqBcjaQsfhXa9XnlPw9rA1Ch2qI%2ByJvGTCfbWF2l7MzsEgRLsXgvyfWIiPxsoUTQVfOlVqDbB87tq0xtuuD2T8bZHJSHC4akGbUdgT7cZpRGXGSMZzGYKh1hXwhMnKg5dsxuS4ALnIFDO%2BGLpX%2FpmEtGxHscTgdg%3D%3D%7Ctkp%3ABk9SR-yk7qL0ZA
新規出品僕のヒーローアカデミア 京花次郎 一番くじ 次世代! 2 E プライズ英国セラー,N/A,真新しい新品,発送元 英国,"＋見積り送料 4,758 円","7,644 円",50.96,N/A,https://www.ebay.com/itm/296863188139?_skw=Ichiban+Kuji&itmmeta=01JEH2VJ9H76YW0WGWPWXR2NNR&hash=item451e6cc4ab:g:bdcAAOSw-51nU0Ni&itmprp=enc%3AAQAJAAAA0HoV3kP08IDx%2BKZ9MfhVJKnBVuwLJ2emaKny6ik9YYikfUo2Y9wJ8XKPtBhnfrCzVAdxOxyArMuHZfo0S1qOEKsG0dJFNAg39jBNLZhat6t%2Babj2ZVhfdA8jwmwZUTpZEG64tcRhb%2BQ1oui29%2FvwxHAtxspOiCnYs5TUmJ0ECQIe9tvEvcU%2FdGekb1N2xM8Vzyci0YUSLxYF6BfbURe6wGDOMzQPligd9vCTkBqeYAkgzGNLFepItHk5zaTq%2F78IN1VZ4bIsjwkKidoi%2F4f1ojs%3D%7Ctkp%3ABk9SR-yk7qL0ZA
いちばんくじ 遊戯王 ブラックマジシャンガール メタリック式子 日本,N/A,中古品,発送元 日本,配送の指定なし,"3,374 円",22.493333333333332,N/A,https://www.ebay.com/itm/286156975464?_skw=Ichiban+Kuji&itmmeta=01JEH2VJ9HX8YH96C37RHYSF3Z&hash=item42a048ed68:g:JrcAAOSwQFRnMYZ~&itmprp=enc%3AAQAJAAAA0HoV3kP08IDx%2BKZ9MfhVJKnrJiUpZ9KEKHEul4JZuWoce8qlm%2B0t9lvfnyU%2F5xZmdU9QINpTuQatbeVTzEjylA57vUu1C7T%2BUiMA3ur%2ByXakVikwVyppjtMwXevqgyPabwOSMJ23oW9%2Fg7Kh7ly2D0UaGsYHBZt5%2BY1dFMPoWJweR0muJUq4iNb9fAn1ISZWOWRHsqaZIdIa%2Fctbz13Z8IHCpv1K25oAY3NXM5T9KyN9k7QqPYidklRSEnM2MDczFs3Gae8LV3F9Epm8tSLQHxo%3D%7Ctkp%3ABk9SR-yk7qL0ZA
一番くじワンピース ビヨンドユースタスキッドレベル賞 Cフィギュア,N/A,真新しい新品,発送元 日本,送料無料,"7,800 円",52.0,N/A,https://www.ebay.com/itm/146038609872?_skw=Ichiban+Kuji&itmmeta=01JEH2VJ9HBVNT725X9YS0081J&hash=item22009457d0:g:kRQAAOSwmXVm7Eki&itmprp=enc%3AAQAJAAAA8HoV3kP08IDx%2BKZ9MfhVJKlCUnX%2FVnvTKe%2BIHz0bcun70DIBjSfw29lcQ6E3TgYncNBoIwsn7R4u28nEaG7ULlY1bvAn3yFPkMTGrEVonYcXqg9gnrEtOtJQ2ZfPLosHTl5iJJS4F9P3a8lI0Ag0ZLmOf9%2BE8%2BszOcjBjd6NaS9Eb%2BLGcUsa241UrKszc0dj8IW3i35iZbptECMY6WgYfU%2BplJSWSyexKr%2BPokWqai7zNSGCO3Vp4YbDJSqVMAWql7RxSHngoR52Jb1Mk2kbZRQ4n%2Fonpz4iJy7aDVEjWvtJGFkhuh4WhTZQHFZKfrgciQ%3D%3D%7Ctkp%3ABk9SR-yk7qL0ZA
F218 Law Doflamingo Corazon Shikishi 和ワンピース 一番くじ 密封,N/A,真新しい新品,発送元 米国,"＋送料2,849 円","1,647 円",10.98,N/A,https://www.ebay.com/itm/145944820619?_skw=Ichiban+Kuji&itmmeta=01JEH2VJ9HVN4Y308YADCZ5MPR&hash=item21fafd3b8b:g:Z0oAAOSwMaZmuHZW&itmprp=enc%3AAQAJAAAA0HoV3kP08IDx%2BKZ9MfhVJKkssWWcg9ZbVWN9NvcRsuUF2by7W1NOhtZwCJWqbgjv2oUEah1Dv8ZY5kWWlKXHN58ej9xmJBL9hIOXRTNU46scJU0xNR8W12OOjCogPA9LU%2F2CHZpN5UAkIJ%2Bp3czdO2jZMm2rSb8kFbg9LXGxrzap9hZByPnmG3Zl%2BGvMLM3pHlFEp7sSeagGKhNa6UwFzfEYX1wqHJgyT9kUnCBYzZ5Y2vKVjzb4e46GZRkPu83BGf6Myk5cDwkYgvMYl63s31U%3D%7Ctkp%3ABk9SR-yk7qL0ZA
一番くじソードアート・オンライン映画 -オリジナルスケール- ラバーストラップ ユナ&エイジ,N/A,真新しい新品,発送元 日本,送料無料,900 円,6.0,N/A,https://www.ebay.com/itm/354476265078?_skw=Ichiban+Kuji&itmmeta=01JEH2VJ9HVEGDNNMZZNYRQ7PB&hash=item52886e8e76:g:7EAAAOSw3Nhjp9nM&itmprp=enc%3AAQAJAAAA0HoV3kP08IDx%2BKZ9MfhVJKmFzghyB2yDvdhmrcsYI7y8uUuTLIyAX73aBWNtlKLagGeMq5cZsjSldfBjTm%2Fjx7RfJ4b4ipCtrHprnpJC23VQ68HaR565q87%2FXmF2%2BREzEvYMP7BxwTdsOyVostCt6nrTfbTJSpaCoMQxJ%2F5al18ArOmeUGum00qtHDqvtlFFjFNoNLqNGdfhZ7td8F2t6ruV7n4CiO9qyYQga7FNOStQPeajYS4ALdG4FigKWxIkYyccVvC2UUEauOqZsTF75Gk%3D%7Ctkp%3ABk9SR-yk7qL0ZA
ドラゴンボールVSオムニバススーパーシェンロンフィギュアラストワンアワードシェンロン一番くじ,N/A,真新しい新品,発送元 中国,国際配送無料,"28,499 円",189.99333333333334,N/A,https://www.ebay.com/itm/375614544114?_skw=Ichiban+Kuji&itmmeta=01JEH2VJ9H4RJNQHBY4PEJ86BA&hash=item57745f18f2:g:fb0AAOSwpeZhtuYb&itmprp=enc%3AAQAJAAAA8HoV3kP08IDx%2BKZ9MfhVJKl9KxeAGt95g0IjOwDLTo9A0KJE7LmGHRxkbi18Tw1Sympk2vs3UJP8Eth5Vj7MWapdRhNg4%2FGIKlE5PHqjzC3JSF%2BnC53b8mgQUYuJYDyzYmM6pZbyyjoXqyHAaihi3B5ZPz5q6cGCPxhC7KNXaw5rZevwVWQ1XD3WJzXAD4LNQHAWc7pDYzNQXmSHVAYDzQxzV0o0D4spaUq65tlBePBmea5JHU6Yw7P6weJTlzhOqXGzQQ2AwO%2FFYaHF%2FZlJ2NIoaugZvQQj9XbHz1nchTUKIYv5pVKUlTZkkd%2FYVGwbgA%3D%3D%7Ctkp%3ABk9SR-yk7qL0ZA
僕のヒーローアカデミア レディナガン・マスターリーズ一番くじBフィギュア(B/1),N/A,真新しい新品,発送元 英国,"＋見積り送料 4,829 円","8,793 円",58.62,N/A,https://www.ebay.com/itm/186824345560?_skw=Ichiban+Kuji&itmmeta=01JEH2VJ9HTAPXY7C4CB974GKA&hash=item2b7f9947d8:g:7L0AAOSw1MVnULia&itmprp=enc%3AAQAJAAAA8HoV3kP08IDx%2BKZ9MfhVJKlubbYJ5axQ07AAt3iLYb2OaC6SMsNFajJmvrbDLNeTqFy2SK0ZBhO5B%2B7lz9gcptw0IjNb3bbZzhLLpV8A615cUgflk53AANmLots2eB%2ByDdG1rEfm0Dga7%2B4uqqeic906VlQ6ljeTYlh1a7xejyScST%2Bzf1PlQ2%2FF3zJE8Aftcgg0uYdmsGT6UB5owSKLvMAUWpBxXdpAmlqVJ33FTw7G67YGWtLo1%2FhJNr7zrpxJciibSoO81ir5iIhCRHIYQZpQbOsC8q%2FuZcgOVUaztMqxRL7A47m5Z1%2FqF0w3IIzGQg%3D%3D%7Ctkp%3ABk9SR-yk7qL0ZA
K-ON! 中野あずさ・平沢ういさくらこうキュンキャラSPフィギュア バンプレストアニメ,N/A,真新しい新品,発送元 英国,"＋送料3,823 円","3,059 円",20.393333333333334,N/A,https://www.ebay.com/itm/405391141973?_skw=Ichiban+Kuji&itmmeta=01JEH2VJ9H60HTAG5TVCGDZDSS&hash=item5e6331ec55:g:cikAAOSw4xtiAYty&itmprp=enc%3AAQAJAAAA8HoV3kP08IDx%2BKZ9MfhVJKnYssBL7g9CX3EafBPoUtvWEvo3CcmSPCeLfmvHdu%2BpwlYjyy7gAh%2FKOaziHq98j7DcLLmHCuFzJivgbRekEQGpDxK7ZVpHp1oa7UGEj4Dbp7EcR5yOYiu2ul2HaIJRaGMHa37e6AA58jhNwt%2FO9zcMjypknJO%2BT5yye6mpB0QdWldC%2BBXz%2F14t7wdGUcE9AI2%2BD76XLury0V76OerRWFEZPYOtmU6KIuGb4gJ4zY2ZR%2BBTyDyUj6wunjn%2BHYv4e7RmTVYSSW65mle6gdSxMbYURJriiy1T65vYIf8PIHCMAg%3D%3D%7Ctkp%3ABk9SR-yk7qL0ZA
クインテッセンシャル・クインタプレット 中野ミク ラバーストラップ 一番くじ,N/A,真新しい新品,発送元 英国,"＋見積り送料 3,428 円","1,338 円",8.92,N/A,https://www.ebay.com/itm/286064830398?_skw=Ichiban+Kuji&itmmeta=01JEH2VJ9HQ0C7ARZK5CAZCFKX&hash=item429acae7be:g:6EcAAOSwbhdm6XB0&itmprp=enc%3AAQAJAAAA8HoV3kP08IDx%2BKZ9MfhVJKkcEn9SmTGNR3Ea3TzFbfTAomyebKYeJo6aYAVF2Ck0104CP%2FOkfx8AA1V00s%2FBc2PrLZdek2%2B9ukAfZti6aS2U1%2F6xWY3Lpv8NBht4xUHEQ%2BxHDBzz2ZO09DS1c2Kr1RWT0E2gFCLVoZsIZyrzVOprSrVM8KL0ijlz6RcaJ6KqpnZiTqtmOkixVSGwNqDbMBmTPj9df0XARj3%2B8tBPvHC4auAHLArkKs%2FnnLMvRe75Ervv%2By2kP1DC2TtvgZ9aHqxGkTvMDMGeMnS9ztUYJReX1wWAuMb4HLzUrU%2FUjNatmQ%3D%3D%7Ctkp%3ABk9SR-yk7qL0ZA
新規出品バンダイ 一番くじ ドラゴンボール スーパーマスターリーズ 悟空とゴハン フィギュア 本物,N/A,中古品,発送元 米国,"＋送料10,731 円","6,150 円",41.0,N/A,https://www.ebay.com/itm/205149705588?_skw=Ichiban+Kuji&itmmeta=01JEH2VJ9H18E5XDE0HMWJ1WJ4&hash=item2fc3e01574:g:WXUAAOSwU3BnU0x4&itmprp=enc%3AAQAJAAAA0HoV3kP08IDx%2BKZ9MfhVJKnuaiUDRxoir5ckDsgWzQ4MoXbOtQD%2FMny47%2BCD4oF8%2BduHXBdz6uo4Dy%2FNKqTSL5IR30abawEWD27gMoPMDTrk37fLIsfaAC8ZUStYVvHixHWpK00ss7xFP7oELkY0XCTyFiIdhhTdvvR9UKS36ec0ljPKlMC3PC5AHklk5jkETVUsPteJQ7bibBqrH10CcC7dtUtD7L%2FYkePeeFijoT2ogAFAdLgeGFiyhQVmnAruldnJYVFvcp2IJy4zQ9WnGlU%3D%7Ctkp%3ABk9SR-yk7qL0ZA
OPEN ツイストワンダーランド 一番くじ ハートラビー ビジュアルタオル リドル トレイデュース,N/A,真新しい新品,発送元 米国,"＋送料3,206 円",960 円,6.4,N/A,https://www.ebay.com/itm/135310984856?_skw=Ichiban+Kuji&itmmeta=01JEH2VJ9H2F1NSRW05SAWGNVV&hash=item1f8129c698:g:s8sAAOSwaZBnFF1t&itmprp=enc%3AAQAJAAAA8HoV3kP08IDx%2BKZ9MfhVJKmq%2BCKa31EZxoMwEsuqE%2B5qU9%2BTOZD%2FLXrnM7edVcB5C%2BLHzXfl%2B6WcoAvrcVJJzs6PWwOEztjONDnZb09c57buNwRx4cPIFzazU6bGhz8CK9G29z63Vaf562QGJZGoTFSThwVM38Z%2B6hTfpE4nNZz23wED7Ow2QShumE1ayyMgW9Q4IHABc65cZZF8i2NrGkS0JMdYQsOgLgnQk8zenCwxrmSR8TO02bhtPHtyvjk4%2FX7EXmiQH7IJ62lUfDOrsftVH8SI72eiiKfWWeXgfE8E7fl78lI5yHcGjfbmds%2BEHg%3D%3D%7Ctkp%3ABk9SR-yk7qL0ZA
バンプレスト ワンピースヤングエース&サボ&ルフィ3インチ一番くじフィギュア 日本輸入,N/A,真新しい新品,発送元 米国,"＋送料2,447 円","8,249 円",54.99333333333333,N/A,https://www.ebay.com/itm/276530490254?_skw=Ichiban+Kuji&itmmeta=01JEH2VJ9HCK4WT0YFNQRJ9095&hash=item4062806b8e:g:s6cAAOSw3uJmgFpG&itmprp=enc%3AAQAJAAAA8HoV3kP08IDx%2BKZ9MfhVJKnjhSQfUMD3mrLM3q8yongElLNiG7zm78fYi0sanefcIf9IxfvHzOTIq1R4HT7fsCKU3dawUH9UmQVtvxYFlCIE3nH0O%2B4mmdqAwgO8h8QaTNf%2FqxI5dEV1DxyW4IYvobzyOQfYdVKf8XNECeiwIDRUfMgONxknSINeSiRsnZ00nCKlOHcNu3FEC8WBHn35xn0zmBIQVPS9TOicGxOhT6lDclMOTkz5d%2BsmIx0K68jQV6VPK%2FvrQV%2Fmo0pDYrMSgfj0pmN7nzV7GwxqpM%2FdsHbQEUemV68A8w7At0swivIFCw%3D%3D%7Ctkp%3ABk9SR-yk7qL0ZA
Ichiban Kuji Kirby of the Stars Prize ラストワン 2WAY バックパック,N/A,真新しい新品,発送元 日本,送料無料,"9,450 円",63.0,N/A,https://www.ebay.com/itm/395387679847?_skw=Ichiban+Kuji&itmmeta=01JEH2VJ9HJY2819GFCB0WPTQS&hash=item5c0ef13467:g:-wkAAOSwN21mORRv&itmprp=enc%3AAQAJAAAA0HoV3kP08IDx%2BKZ9MfhVJKmZ9aa5XZaSEGB6ADGwbN9f0v4UyvpOiO6FhwfFlCk4u0V1HhtZKME1M%2FuqvIpJ8nd3O1M9Uh0eQNe3KFBnIiRu%2FmR7K4%2FjV9TWCayta1DQD%2BZpo5D%2BIJYl3%2FUY8i3mxwvx%2F0Q0Itt6BzjBRuQEc1D%2FAXJSfkLOrBa6ErrYXivQROMlyBVXHKCbbnbhvNo5f%2FRl2nAYvNPGY51Dt2bjxl4b6eFta4j45EXXXgn5n1T5gqF2a%2B43%2FWXhHZr9Z8nzhkk%3D%7Ctkp%3ABk9SR-yk7qL0ZA
一番くじ キングダムハーツ リンクハーツ SORA フィギュア賞 A 像,N/A,真新しい新品,発送元 日本,送料無料,"20,700 円",138.0,N/A,https://www.ebay.com/itm/146015152998?_skw=Ichiban+Kuji&epid=15067940150&itmmeta=01JEH2VJ9HZY150B63JW4EAGJV&hash=item21ff2e6b66:g:t00AAOSwEvdm4Bth&itmprp=enc%3AAQAJAAAA0HoV3kP08IDx%2BKZ9MfhVJKnMHIu4%2BLySJU9yeLDZXgCUYZWLTQML36tS8bWYYMICQOkQAb%2B%2FJm2Cy6msKdp6mcMgtXmPEnY49SHPpp811VO2JuQqYdNhxeaUKwlvpBTIw6BUUlMi9LsXAzKSgvk6bkyF%2BZ6woZkhNQ4kuAEN%2FMriJu1tMTwrZKh%2BTom9IYTrYXSP9%2BAZlUalky7IA%2BsvDgyNpoeig7FMhHMWNqIWyPcxbvTK2FRrVNjwz88XSKsc60ZA9oIZYWivUm3hUVJSGho%3D%7Ctkp%3ABk9SR-yk7qL0ZA
ジョジョの奇妙な冒険 ナランシアギルガ フィギュア D賞 一番くじ 英国セラー,N/A,真新しい新品,発送元 英国,"＋見積り送料 4,815 円","15,291 円",101.94,N/A,https://www.ebay.com/itm/305957591850?_skw=Ichiban+Kuji&itmmeta=01JEH2VJ9HQXDH03Q2H6VB01JB&hash=item473c7e5b2a:g:5BYAAOSwuNRnUxLL&itmprp=enc%3AAQAJAAAA0HoV3kP08IDx%2BKZ9MfhVJKm1ayp4zEkpchXJZwqzR%2Fs%2BfG9u0pwauuC2n8CAwEJVdVWf2UKNFk7fXkn%2F4CufrCN9Sc0SyyXZCbSQliOC%2Fu7t7knwtmksWwlxfNKpGwvOZzo%2BcjSwiEui0pvXxeMRURO8N2PVBBjOM5nC9z5qu4Rn4fl2YquWRqNgxxA6kGiLRhe9GJoarmFh74rtwqcAN%2BXh62MF6nXzhT7xnwAi%2BOHkz6763HbeV5aBxq59A46gKA%2FVdaL7ZO4Y7l5BvPAYt%2Bk%3D%7Ctkp%3ABk9SR-yk7qL0ZA
いちばんくじコードギアス バンプレスト 10周年記念 キャンバス ルルーシュ 朱雀 レア,N/A,真新しい新品,発送元 英国,"＋見積り送料 5,402 円","5,544 円",36.96,N/A,https://www.ebay.com/itm/256542678429?_skw=Ichiban+Kuji&itmmeta=01JEH2VJ9HNZ2NYACX2FDQAAJB&hash=item3bbb229d9d:g:PFAAAOSw0T5maxUE&itmprp=enc%3AAQAJAAAA8HoV3kP08IDx%2BKZ9MfhVJKkO851zC%2BAQpyKKTGPmtU%2Bis1oCjf8Fz3TLdwgPxuxJVYYZCWjlBaYbjaPP1Fm4mYc%2BlqbVSah%2FEaSzw6TfaQctiobpbbaII64x%2Bfh%2FE%2FtqSqEKtmQo6OSQuRnXnmRShRXgbC1i4eJHRjdRpLRLrrE1Z8fUPNa%2FVe2QtBJPTuzoALFUTUvhklu6nt%2BskSUKaxrMwRDfIFaaTJV810E1j3jX0Yd5m3kK71ZK9Szgh9AMTWmTMxIwXws%2FkF1ouLNPEU8C77o2WZNPDJcIznj9jqXK%2FPzAxLAq53gyeNdxSjdXxQ%3D%3D%7Ctkp%3ABk9SR-yk7qL0ZA
機動戦士ガンダムSEED一番くじマイクロファイバーミニタオルクロスオフィシャルA,N/A,真新しい新品,発送元 英国,"＋見積り送料 4,381 円","1,527 円",10.18,N/A,https://www.ebay.com/itm/166973424417?_skw=Ichiban+Kuji&itmmeta=01JEH2VJ9HKK5W73AVB6GF7JZ0&hash=item26e0644321:g:L50AAOSwyT1mzIb3&itmprp=enc%3AAQAJAAAA8HoV3kP08IDx%2BKZ9MfhVJKmiJ5XHS3sEf6aPRd2%2FNmLdWb5pI15AZUVQk%2FNKVya5vZgNwzAqvolsMjjXn0cdiKCJvDwQ5SUO0XeXFqmViID0%2FXu8hwpixZkTrspb4bFO%2FEAuQFRUEPccL0GJuzMfHgg1S6NiDINh%2FpeeGWtGr04B5iEpN73fqHvH0nkPODnZStUTX%2FzL0cokvenovsAYRKDkEbPZpBdP%2B3JshE6SaM6T1MEii%2FBVVuDwbGqsEIACVnCMim3sxA9qgvAVO%2B6zmn8%2FZXkO0ZiMiPWeADffr3e%2FT6Rx8k0vFreXHTowbCnjUQ%3D%3D%7Ctkp%3ABk9SR-6k7qL0ZA
BLEACH TYBW 一番くじ賞 バータオル 口木 屏也,N/A,真新しい新品,発送元 英国,"＋見積り送料 4,370 円","1,336 円",8.906666666666666,N/A,https://www.ebay.com/itm/166910932500?_skw=Ichiban+Kuji&itmmeta=01JEH2VJ9H4DHGWS9JDM5W8E1G&hash=item26dcaab614:g:FpkAAOSwPxllJCyA&itmprp=enc%3AAQAJAAAA0HoV3kP08IDx%2BKZ9MfhVJKkOXE1QPHmnYW4eJb2%2FrVa1LjiiFBhH92yA%2F5ZTZKgF49sY0wXY4WKqmEU3d%2F95eRP7MIhKqVwOr2LBAfljDJrOi1CmgrC5xhoIpMJu%2B4t%2BYcoNCK2pr4cVPaydA968RxhK%2FoVpma3xsfXB4dZ6tdekiUr%2Bb%2FynZGoBYftC4tKe%2Fly0zV2JCOuLV8g8CidBgA93ZAjEip4Vh6Kp1UG0hwYXz4BjGKSClofzN1YjDR9cN4h%2FfR%2F0vBb9kgAk5I5hS2Y%3D%7Ctkp%3ABk9SR-6k7qL0ZA
ワンピース一番くじ賞G プラスチックドリンクボトル オフィシャル,N/A,真新しい新品,発送元 英国,"＋見積り送料 4,920 円","1,912 円",12.746666666666666,N/A,https://www.ebay.com/itm/387418672567?_skw=Ichiban+Kuji&itmmeta=01JEH2VJ9J7AKAD96PDSPKZZ4Y&hash=item5a33f3cdb7:g:IcUAAOSwP~dm8xTg&itmprp=enc%3AAQAJAAAA0HoV3kP08IDx%2BKZ9MfhVJKnNhjSKymt81Mm0eh1J6eONICTJ2zU1ECj%2FWP9xyntlHro7EiPuBeCs4TkirQFbUFkxOIxUSG9G9Ov09jPLySAUc%2FblTtFj%2BMacx74fK9T5oA%2Bn77amzYdRVym9XDniNbNDT%2F%2ByadMXRHsP888Ia6OHFIYHsPaDZ29433HHxpi7bQo5wALobt%2F0l0fX0yNZQSD9Wpu6VRyun4bBLk66%2FFIpq15rWvl12lHgQCQ22LXKHriJI9Xq6vdp5fUocbFWVJw%3D%7Ctkp%3ABk9SR-6k7qL0ZA
ガーターベルトパンティー付きパンティ&ストッキング一番くじダブルチャンスver. * レア *,N/A,中古品,発送元 タイ,"＋送料1,500 円","149,850 円",999.0,N/A,https://www.ebay.com/itm/116411684442?_skw=Ichiban+Kuji&itmmeta=01JEH2VJ9J1E2R0SCPZ03V0TH4&hash=item1b1aad565a:g:iWEAAOSwBP9mjU43&itmprp=enc%3AAQAJAAAA0HoV3kP08IDx%2BKZ9MfhVJKkUGPziEZSpNAZEgprMaib%2FQRakEe6D5xE4AWksDbcPpSYy7HX6JGKo0VXRElIL9TjJc8S%2FCv57Z3wKrHC9gHNSqZIbyCRXSpZlHPo8jNKjfIAjDbbx3%2BwTzjc5yurGNoL5pP7rFACJZPTOwK%2FseYff8Hfx0jqfvw3XiYYkIbZWPcoKX1i2SgU7gkq1lPGPpqUYZHkKSjMTkPBIYHrHUiZxW7dLP9AN30hBrIdtTl8nQA2OPL54kfJ01mOJhazh5Pw%3D%7Ctkp%3ABk9SR-6k7qL0ZA
遊戯王一番くじルビーカーバンクルミニフィギュア賞E,N/A,真新しい新品,発送元 米国,"＋送料2,313 円","3,750 円",25.0,N/A,https://www.ebay.com/itm/256704452769?_skw=Ichiban+Kuji&itmmeta=01JEH2VJ9JZ9RAA1ZNQZ2VZ195&hash=item3bc4c718a1:g:v8wAAOSwR8xnKtRx&itmprp=enc%3AAQAJAAAA8HoV3kP08IDx%2BKZ9MfhVJKmyl0Xo1oS628jNJvtu8AElrlDPPUgx34DzabXIY4WzzzU8%2BnD%2F77wl0ZmTC7TxFOXpN3eOVyWegsLx1owN2TlHa1vYSr18aKdktA04u5bo2Ojo9ayyr%2FrH5PbLUeDR%2B5rmp7Uk%2FbndIQghkSZ6u4z8zi8NMU5W9Jg%2BJX%2FFFV0Aq1hK8oZPnQTg4YrnC0A5dslDs9zxM2RfoiSh2U9YT8dVAbsCVeXfcJCVJVszctD86uODZoCrgbb2IMUknyatJ0Ldf3Fx9R%2FkWElr0qILSy2HrHuKaWmJWzVwTEvaqH0qMQ%3D%3D%7Ctkp%3ABk9SR-6k7qL0ZA
Ichiban Kuji 僕のヒーローアカデミア - トップ5! ミルコプライズE フィギュア,N/A,中古品,発送元 米国,"＋送料2,405 円","6,824 円",45.49333333333333,N/A,https://www.ebay.com/itm/267083907171?_skw=Ichiban+Kuji&itmmeta=01JEH2VJ9JE2WD5MM4AT67T0H4&hash=item3e2f710063:g:8cAAAOSwSOBnTRz-&itmprp=enc%3AAQAJAAAA8HoV3kP08IDx%2BKZ9MfhVJKmTQtUOsAwHZATCHHHypeaYS0axQOF25Qnt9peyxVLcaN98Hy2LnxDimXhYZGX0e8%2FYKBZ8XZ5TpnGbFa7tWIVSygCaA8kTSQA%2BwsyQGu6XwIKpacDNU2l%2F21lllj5AaCnqQ3spDheMFWrqj%2BVzQoJT2z6PfesLjIsr2mHlOYuiCYMsa72RUPKDXQoM5RZ6dYDyNjjvW9fO3fX94zE7mq6Du6tFUWVR7iAvoPK3JMxzZ62LNFf%2BiQ5sypWO%2BV8Vsc4XOyo9aFUbnZjHfohP6FLh7ouq7UxsaUkTej3H6KzqFg%3D%3D%7Ctkp%3ABk9SR-6k7qL0ZA
一番くじカードキャプターさくら25周年記念ラストワン賞フィギュアバンダイ,N/A,真新しい新品,発送元 日本,送料無料,"13,050 円",87.0,N/A,https://www.ebay.com/itm/146113351834?_skw=Ichiban+Kuji&itmmeta=01JEH2VJ9JC0PNY5P6PJWN42SV&hash=item220508d09a:g:9VsAAOSw5bNnE8NF&itmprp=enc%3AAQAJAAAA8HoV3kP08IDx%2BKZ9MfhVJKlaRZ6eEff0zhC6BixLLNpguiO4JeRD%2FnFnsGE9mvORr2PvDX7A0M7ij6Q9BRscrhxYuTcYnfbub8Nh40HkJ8NQcGXO1O5PywP2fclgPg3QTIZxoEkffm2PjcOHJ%2BdkBYZfotfs72IPWtsWuScCMtXzRPNjEE7YT9RaekWeB5MDpYcV9ICy%2Fvs7L8VUHarpDlGO%2BP8s1WnQUv4%2FZQGQCb0ki%2BtCg9zQAM1fzagmmyXJf2NuLnyHWGh7O7jNn3YXhCWFnUY9g5RJ%2Fo78YixvBBrRWDfJMNxbA9Dy%2BNBYI5FE5g%3D%3D%7Ctkp%3ABk9SR-6k7qL0ZA
アズールアショント ラボコート コテット ぬいぐるみ イチバンクジ ツイストワンダーランド 第5版,N/A,真新しい新品,発送元 英国,"＋見積り送料 4,617 円","5,352 円",35.68,N/A,https://www.ebay.com/itm/286075425829?_skw=Ichiban+Kuji&itmmeta=01JEH2VJ9JRSSEM3Z071EMD8BV&hash=item429b6c9425:g:M94AAOSwHYJm8fU-&itmprp=enc%3AAQAJAAAA0HoV3kP08IDx%2BKZ9MfhVJKkDNCra7t0prKcXojbwhpTV6xbbUYCsM7wGAbsEjc%2BuSidQrGZz4p1jkCNNAK0CxOJLvle9Unb5O5TLkEuusI8AnQt6ZuPGtcFlqvqGK9KgFJniRMFBQgb%2BzePk1Bsol%2B%2FtMQWECz5rKZSVFlXU3wY7SOgHBwWaHYmSoHkl4dYShrRUeLZlhTPWWokRsYUM6lk2LR4o6R2F7wezrGo3Yj6eWo%2FsoZ4GxP4gMNaRYHi%2BE%2FZGMcLaMVyrAf4b3sZaGfQ%3D%7Ctkp%3ABk9SR-6k7qL0ZA
ツイストワンダーランド一番くじ ビジュアルタオル 珪藻類賞 H、輸入日本,N/A,真新しい新品,発送元 英国,"＋見積り送料 3,464 円","1,912 円",12.746666666666666,N/A,https://www.ebay.com/itm/285783389481?_skw=Ichiban+Kuji&itmmeta=01JEH2VJ9JG1ZQK2SD01VR9XRP&hash=item428a047529:g:ttkAAOSwB8lmAgc3&itmprp=enc%3AAQAJAAAA8HoV3kP08IDx%2BKZ9MfhVJKlMlvDbon9ztVcUi17xP4piE7R7QG4IlYuCWurHWEgzXZvkwXKt4IPLWcI4IZtoGNDO91YCx0BcmhDcEQsdWS91hVBvOKRlPmlGJ0K3MdIK%2B6cPqmVwlvhh0kw9u7iqGUQzMGQToR4thbp4XC8cxMKb0BhbTfEJrK0bHCdjPY1A%2FGWmCQQR%2Fighb3j0RObetDB7JoHF8I1BCvywDX8bftTu5%2BInSJcyE%2FnGudwv7FTyXCWx%2Bpukv7JOf4utnbmWuMGUus2uMxRQEXiFNAnloxL2lSy7U5BgucHMWK8WhxFmVQ%3D%3D%7Ctkp%3ABk9SR-6k7qL0ZA
スーパーサイヤン 3 ゴクドラゴンボールZ マスターリーズイチバン クジ賞 E 本物 新品,N/A,真新しい新品,発送元 米国,"＋送料14,552 円","41,250 円",275.0,N/A,https://www.ebay.com/itm/256436920424?_skw=Ichiban+Kuji&itmmeta=01JEH2VJ9JMVJN5VPJW7WEH9QA&hash=item3bb4d4e068:g:piIAAOSwRG1l6IBj&itmprp=enc%3AAQAJAAAA8HoV3kP08IDx%2BKZ9MfhVJKnAggcZsdEs90qzaS9CorSpNw7MBBiqKxruonRSIEuKMIFRnA8xF1OsrwExybq7KnhOTfb%2BiIOQWPXaAc7z%2Bi6QhlUd60Svh2%2BHCTb3REZpX33dt1CvWpmy6rhMpr2XBDfunhJ%2FZ3UVNihlpuG3h9R5eWML4%2Fvd1RS7JobeguxMhOSglUlxzhrNxSPYLkHl36pQYSfLkemAiAVLE4l9cbQnhQwiA8obBzb0PjPlWIF4NM9IxfVy4yhGkkAZxxl9zJl9gDQ62ty3MNMy0APi3qrm3bDDwWoeJHGLY21cCrHU3g%3D%3D%7Ctkp%3ABk9SR-6k7qL0ZA
ワンピース ブルック クリアファイル 一番くじ G賞,N/A,真新しい新品,発送元 日本,"＋送料1,200 円",188 円,1.2533333333333334,N/A,https://www.ebay.com/itm/335705173610?_skw=Ichiban+Kuji&itmmeta=01JEH2VJ9J92YWYGARV3KETHZ6&hash=item4e29966e6a:g:sCwAAOSwKDhnRYBc&itmprp=enc%3AAQAJAAAA0HoV3kP08IDx%2BKZ9MfhVJKnK%2BV57mBlmcY%2FyFOi2eciqg1%2B247ahNcb%2Bh6WVK1DClUY182HSJrKBjDQw%2FyKjDBgkiwpoI1eiUuQ3haQRfE3aphTLz2SRkHbQa7VnX%2BbM8u9OhxPEruXCHUCKkVBgycGMM485EgQUyHBxNL4TlNy7B5cH3LQRDCmvLWlAApFJASX5Q3bCyAnh5aUp3ZMvto70%2F0uD0SouFrE0JisLJwhihrOY6RS%2BWqYpB3Nqu4YL9vi%2FKks97IfN2AlaLhIQCb0%3D%7Ctkp%3ABk9SR-6k7qL0ZA
ドラゴンボールZ いちばんくじ賞C スーパーサイヤ人4 ベジータ フィギュア バンダイ ** 箱なし **,N/A,中古品,発送元 米国,"＋送料11,079 円","26,700 円",178.0,N/A,https://www.ebay.com/itm/305762667375?_skw=Ichiban+Kuji&itmmeta=01JEH2VJ9JHQPTTEZHMAHP0RK2&hash=item4730e00b6f:g:-y0AAOSwI3Vm1jVe&itmprp=enc%3AAQAJAAAA0HoV3kP08IDx%2BKZ9MfhVJKlDul92NfTFcgxQS2VopGQ%2FuCxCP6G9TPhaWgKY6q1uDW1ZhKjqGoPj3NVt%2Bl3ysCM220OqO2kJpFyDVNNVVJyikNsUUGIE7x%2BXBFC6U4ybK2q%2BXyPc7%2FOEFr5ZkrPbWS%2Fm6ecCFaPIMepLI9G5j0jnp5otuOU0sB%2FYNBQon85ViPdQGo911amF3nIFDUlueDFOKtzAN8t9QNlVfVn410HKqYu%2BWJlffRP4hkDRkydgiPwefglzQG9N7LfUt7i4gnw%3D%7Ctkp%3ABk9SR-6k7qL0ZA
夏目友達帳 ニャンコ先生 ソフトビニールフィギュア バンダイ 一番くじ,N/A,中古品,発送元 日本,"＋送料1,499 円","2,399 円",15.993333333333334,N/A,https://www.ebay.com/itm/365270720847?_skw=Ichiban+Kuji&itmmeta=01JEH2VJ9J17XWQKFSCJTB7GYG&hash=item550bd4e14f:g:CPkAAOSw5z1nUkHi&itmprp=enc%3AAQAJAAAA0HoV3kP08IDx%2BKZ9MfhVJKmytywnbzCiYSMwzPuUnVnHBhH6Yp6EteES8Vvg7%2BfwW4GUuAif6OtwH75GRIU2ThoAh369rCVSY%2FeWdqsf9GeNuS3%2FoNlFRjpTGWiSGyS1YzqGouEzzBJCC4lObISuvKAXnwlQn7CJuJf8wCQTTZ%2BdhY%2BlHwZ7VZOEdFRRFNMrHva%2BJWkTLBA3Pjm5VLxD4IQ%2F6NHTrc8D7OsQ9bmFJTIZCc4WF8TOqLl%2BRxpMmyPNLUM3BoeEWAg31z7Uy44pM9I%3D%7Ctkp%3ABk9SR-6k7qL0ZA
ホロライブ:ナナシムメイチョコノコ ミニフィギュア イチバンクジ,N/A,真新しい新品,発送元 米国,"＋送料2,336 円","4,500 円",30.0,N/A,https://www.ebay.com/itm/146248356257?_skw=Ichiban+Kuji&itmmeta=01JEH2VJ9J61ZP4G123G6MP19R&hash=item220d14d1a1:g:j5oAAOSw52NnUmoz&itmprp=enc%3AAQAJAAAA8HoV3kP08IDx%2BKZ9MfhVJKmJ6VWLmwQxzxJXxOm3zMDcaszUWMAHxYQSdau2gys%2FxPV%2FyFLRzTWcheverRK4CafbKZRJd1BBD8ggzNeGExYfKyWJPVFQ%2B%2B3Pm6Z0BdNQaeJPD3yMdkMkVMBZsSkaJjOYyfU1ibVq5AtLWy8r53lEow52%2BHqElRxUWBO8AUZCEj1FsAcOI1MsMZGE8xk8piO%2F5YbUHu12QCIXBKBn%2Fm4n3BvXbN08oNmaPxrpauppPIOVaxKzliOKrcXHUzcXPu3Aab7JHjyCZmoNwfCSaEioFHhdaj3AcSjrVsoU9VL%2BEw%3D%3D%7Ctkp%3ABk9SR-6k7qL0ZA
Ichiban Kuji 僕のヒーローアカデミア - トップ5! エッジショット賞Dフィギュア,N/A,中古品,発送元 米国,"＋送料3,129 円","7,934 円",52.89333333333333,N/A,https://www.ebay.com/itm/267083904436?_skw=Ichiban+Kuji&itmmeta=01JEH2VJ9JR0QESTEV95PH4QNT&hash=item3e2f70f5b4:g:boIAAOSwlsdnTRuD&itmprp=enc%3AAQAJAAAA0HoV3kP08IDx%2BKZ9MfhVJKn6%2Fxe8visem4ANS6GbdqJ72T%2BzIudT0fK6Kk9BueZ4YviQ6J3p3QbRd7e4YrNRDKFiJEEmo4W8rNpWWYzsBauAIG19vc00NIwjU0hNjfI%2BClWKQOsOu4jbccQlJi%2Bp6peqNQ3iqftb0bCVeOexCqpoNXF0cQaG6UEkYrxlvsUpZjqpf55opxfDrnyZIqHXbXt7B%2FrEEt0NC3vdg000ZFCkgJHMcgUEug2ErOmfeQujLovyrIvtoSeQxdAq6byr1ts%3D%7Ctkp%3ABk9SR-6k7qL0ZA
一番くじモンスターハンター20周年記念Bファタリスミラボリアス フィギュア,N/A,真新しい新品,発送元 日本,送料無料,"14,700 円",98.0,N/A,https://www.ebay.com/itm/146026730759?_skw=Ichiban+Kuji&itmmeta=01JEH2VJ9JVKBXPEZP8HKA2H6Y&hash=item21ffdf1507:g:-XUAAOSwadxm5bQS&itmprp=enc%3AAQAJAAAA8HoV3kP08IDx%2BKZ9MfhVJKkKIMxJa%2BWe64awwzO73yiF5rrRCBNb2d3DC6mS2oDYXr%2BIWnpSHD3Mf4iW2aceHvo3WyYZ4%2FiQ1buWJVcJsz4Q6T5vy%2F1MPyCLufXe1CrTFpYCA%2BRQbN95JKzHzdeTI1nbSgnKI68kmR270gpfyUjjuwHKes9ZYaIIRRzamEjkaz5buq4YIN9q2ThxTrX3CZiGA44OBZyqYtnhySbkY2Cu%2F3GcmSd%2FkoU7B7EQgWHdry%2FHfEYO7oEGv84aTQnxmTnljwA9NZpEtA1YA3BIClX%2B%2BhCISlv4ERnxqc1Yb085QA%3D%3D%7Ctkp%3ABk9SR-6k7qL0ZA
Bandai Ichiban Kuji - LAYER SCAPE Rengoku figure: Demon Slayer,N/A,真新しい新品,発送元 オーストラリア,"＋送料2,876 円","11,504 円",76.69333333333333,N/A,https://www.ebay.com/itm/276322045320?_skw=Ichiban+Kuji&itmmeta=01JEH2VJ9JQW7F941GF7R737VS&hash=item405613cd88:g:FIsAAOSwucplwiwC&itmprp=enc%3AAQAJAAAA0HoV3kP08IDx%2BKZ9MfhVJKkakcIXPZVABhBxkQZ8TITTMMbjF0PP8lvWfq%2FLVVmpnPMVyH%2FdyuuPj1GnMLuG1pDKK24fW4nl8wdINOtSsDmAHVW9W9fgbr9eoKPFeh%2FDeag%2FDws38m14nkoYhBzO2a%2FbvqPILYxd1qGSKwNv7XMP2pn8aQ%2FqUQLP6CO1WNfskt%2BIZp7kAS5j%2B1gsluAhsMLVyIWkgevlnEYi84v%2B1QpzAPAMEHkd9h2Sz2KlWrgqUXRp7pAHdtyz1mc%2FV%2FjdG7I%3D%7Ctkp%3ABk9SR-6k7qL0ZA
Ichiban Kuji KINGDOM HEARTS Linking Hearts F Prize デザイン タンブラー ミッシングリンク,N/A,真新しい新品,発送元 日本,送料無料,"1,274 円",8.493333333333334,N/A,https://www.ebay.com/itm/286147650699?_skw=Ichiban+Kuji&itmmeta=01JEH2VJ9JGD6DH185A4WSPRSF&hash=item429fbaa48b:g:vysAAOSwP65nKw6Y&itmprp=enc%3AAQAJAAAA0HoV3kP08IDx%2BKZ9MfhVJKnQe6%2B5Y9LMyYH1RiKu1hf2ALtBYDkLYDRr2n%2Baq%2BG2bVhwm56cvrAgHHdoxPtkn9Zlwi62w8YgpBdlANk8gQLs2GMtFNRBWRpp8LP%2B%2BFgaMYgY%2FySMyCj02OCCWp%2FeaZOALmHZEL7VCHgTnLcZ%2BFB0QMzcNm8u2OJpkAokUgFmwAToBCy1sxuCHg7hrdmGD1cqkeD3O3umyYqKuYrJuz946SuorKybFaq9vh9nCFpN29SKG%2FILHJZXWfm7W%2FelIPI%3D%7Ctkp%3ABk9SR_Ck7qL0ZA
ポケモン ミミキュー LEDライト 一番くじ 日本 新品,N/A,真新しい新品,発送元 日本,配送の指定なし,"12,447 円",82.98,N/A,https://www.ebay.com/itm/186793259025?_skw=Ichiban+Kuji&itmmeta=01JEH2VJ9JFPCF5RWCFYGAXMW5&hash=item2b7dbef011:g:mrcAAOSwdPRnPIN2&itmprp=enc%3AAQAJAAAA8HoV3kP08IDx%2BKZ9MfhVJKkDKAmGSHRAVkPpA%2BGviM8EMycG5ZozmyvRJbnVt2xbNpVuRd5VjuIESEZo%2Bxc0zQMgoISq0UtvFnzaPbtg%2BekPn8NAkpMU2zEhg%2FFQCECBeC%2FDviHs3eJApLQek18nr0TA9TcWuEN%2B1XVCwANbChKrbAYfIXa03o1nQx2orxFugff5hS1ARzJ8jtwaJHUbpAuIASQuvYzk3JZOpn28KBxG1EJ6%2FBHAiQ4h467weMTNfdqpvV9EDhk82alDtdzsJ8jQpBK07%2FzQHf6JWBVA%2BLO9fGa3WIKUaY4FfMJN3r620w%3D%3D%7Ctkp%3ABk9SR_Ck7qL0ZA
一番一番くじ ドラゴンボール 大間シェンロン フィギュア高さ11.8インチ (予約注文 ),N/A,真新しい新品,発送元 米国,"＋送料11,787 円","26,999 円",179.99333333333334,N/A,https://www.ebay.com/itm/176715785701?_skw=Ichiban+Kuji&itmmeta=01JEH2VJ9J19GG2WY6EBSBNHZJ&hash=item292514e5e5:g:W6kAAOSwm~pnTc4m&itmprp=enc%3AAQAJAAAA8HoV3kP08IDx%2BKZ9MfhVJKlMKhv8ZQ64VJBKc6BzhFtxdVBK%2B8dAaRYwMgTzBvpE7Zavx7C9KXtu01Al45JH%2FIOGY2ZJGnMtl1n%2FMJuwuC5TU0A26w2HeDTnLMyTLg0k2LOKFZXgj97t63Fg%2FkeOxacABrIOnRwsN3HDwbiyGP4rsojKqkYSuzQAEW2cVjIi3lpjvPcCAcmdWIkyMy5ZE5JdXHpdduXKq9agjBu3ZzkGf8G2Kwi%2BSG25Uh1l3sfzssSlz3aIM477bk1uVQ9%2FkEj6v8DmmyqSxjXUWcYwEwCjyU1ii6lX3tI4LoXbBZyvaw%3D%3D%7Ctkp%3ABk9SR_Ck7qL0ZA
一番くじ柔術 海戦曲 玉雪 東寺伏黒賞 Cフィギュア,N/A,真新しい新品,発送元 日本,送料無料,"9,300 円",62.0,N/A,https://www.ebay.com/itm/146038699532?_skw=Ichiban+Kuji&itmmeta=01JEH2VJ9JEANVNN6F29WN7H12&hash=item220095b60c:g:m04AAOSwYyNm7FrE&itmprp=enc%3AAQAJAAAA0HoV3kP08IDx%2BKZ9MfhVJKnw%2F%2BZWchYHcFgOmkuqL7AAgzr8GG7cDoZnLPCiVoxpjNxQ63iXFfTMCBY67MPRABz4pyxMZ6U6b8imM7qQJwFvAbHb30Xh%2FT9dpsOuor9prUOGzj0%2FCe1L%2FGzdcHtnTw7Aq87GCihgZGa9T8Y7dLnWKNFXzM%2FBy6%2BbQ1%2Fegab7jby7GS1WMHbDgbzPBrscVIWLnrzGczKPXsOilJ7TZsU0pS26WXwlNoa0%2Fo1mLfO8G5xR5ebo6WwbrTLHpUuw2pU%3D%7Ctkp%3ABk9SR_Ck7qL0ZA
いちばんくじ ブリーチF プライズ ガラス プレート 完全,N/A,中古品,発送元 日本,"＋送料1,500 円","6,854 円",45.693333333333335,N/A,https://www.ebay.com/itm/135402425836?_skw=Ichiban+Kuji&itmmeta=01JEH2VJ9J60BPH032ZZ7H4JCS&hash=item1f869d0dec:g:owUAAOSwWdFnRcT0&itmprp=enc%3AAQAJAAAA0HoV3kP08IDx%2BKZ9MfhVJKmEi%2FpbTp4YOVh5FLKD9DLiLCcGSj8wUkKFRfk49UVJVJOi560GWPZlbmLaV%2FWAkaB5YdoE%2Fo%2F5BGqcigyujEMSp4vXDLS0poWRwZH8o70lxnVCh1K4Q6S%2BXOUl3x9%2BeADervOMqqA4ZV7oMB8Gbrg8IsP9otPTqFBJZ8igTTD97k8aK1hyqmNBjqFRcYiw5xLhQesd6ApKVKEMeAhw%2Ffe49tG%2Fmk29LyXFOkrGSxBdg5iq%2FZb0YVbeb5lT5MrMlt8%3D%7Ctkp%3ABk9SR_Ck7qL0ZA
JP New 僕のヒーローアカデミア 一番くじB賞 フィギュア - 幕末克樹 広赤,N/A,真新しい新品,発送元 日本,＋送料750 円,"7,436 円",49.57333333333333,N/A,https://www.ebay.com/itm/296123955801?_skw=Ichiban+Kuji&itmmeta=01JEH2VJ9J8Z50PVF2XK5PPACC&hash=item44f25cfa59:g:q1gAAOSwuXllhs6-&itmprp=enc%3AAQAJAAAA0HoV3kP08IDx%2BKZ9MfhVJKkVo2cakZFcz4tIckUhO3oFHaRb74Gtv7tjiq8diGnwqfB%2BvBgDyaOqDc%2BB%2FF9ic8HgSiWjGRc11segAyIe8014tI4FTedrUPeYDh1kQNMtnQDd1v64jUZ7Zs%2FBlX3ZF78iD1CYmwl1UjuxLI8rRx62vNUdUrf%2FNw%2FugCZagv4w8U1OUP1%2BD6Nc7ZajgFPtducJNUFEdOp4WKG%2FUd0Nl3W6tR8bm7j3UI0n4H9f2NSPw6jvW7LZ9K4uq%2F4t7bC11MY%3D%7Ctkp%3ABk9SR_Ck7qL0ZA
Oingo Boingo Jojo's Bizarre アドベンチャーノート スケッチブック ノートブック いちばんくじ,N/A,真新しい新品,発送元 日本,"＋送料2,100 円","5,250 円",35.0,N/A,https://www.ebay.com/itm/356246909221?_skw=Ichiban+Kuji&itmmeta=01JEH2VJ9JR7KX127SW54T80HV&hash=item52f1f87125:g:rhoAAOSwy1JmQB7q&itmprp=enc%3AAQAJAAAA0HoV3kP08IDx%2BKZ9MfhVJKkIYYKsutdI5kDwF5YSH6ysCbB%2FXoEpTZzqxobI0fZOy%2Fb0WGxDZhB2VQQsBzvAz5pIb9U96sjGiebBBtTDspOwLksdr2Z2iSFcV6Qs9YApq%2Feiq6h3%2F14T4L07C7y4h19Lvnsqo%2BlTJEdFvCrHMYk0SqAI6iYwW%2BuQl3IByY3%2Fh6J2D45rgRgmx0AliKVWA0C4IZQvxa8WOHO9N%2BXx%2BMZmhT4NVcJjX2R6gJYd8%2FdLq%2F0GS3KEZVDRtYfNa%2Fv0oUI%3D%7Ctkp%3ABk9SR_Ck7qL0ZA
ワンピース オールスター 一番くじ 記念ガラス プレート K プライズ-サンジ,N/A,真新しい新品,発送元 米国,"＋送料5,996 円","3,000 円",20.0,N/A,https://www.ebay.com/itm/314628702290?_skw=Ichiban+Kuji&itmmeta=01JEH2VJ9J888VN9Z7KA2J7W7S&hash=item4941550052:g:ZT0AAOSwpDhke~d6&itmprp=enc%3AAQAJAAAA0HoV3kP08IDx%2BKZ9MfhVJKlvDyUNo%2ByDA1qhTzKiYHE3Sa5nJEGuAfbGKXMBNEpxhlBGVxWVtIeDQvEO49bmwaRDkk8T%2FieR8RQi%2F9XHtB0qX0kDAj1Kr%2BvD2NfCQ6kLVtWG9%2BX6Dsz3cVDO8FTQ69RXaJvoPNboC16JE2n%2FTaplz%2FlisZRXwnw6SBUkCR8ojmhvERwlW6y%2FkCmRTxqlHHuwZFfYKc0HG3P3PDA03e5qIvBHvuRu3ZIOJfZods3r0EKqLS0ayCtxWPatV57Yu4k%3D%7Ctkp%3ABk9SR_Ck7qL0ZA
Shop on eBay,N/A,Brand New,N/A,N/A,$20.00,20.0,N/A,https://ebay.com/itm/123456?itmmeta=012DEW30YG0MEEKND7NH&hash=item123546:g:acwAA9KNiJowH:sc:ShippingMethodStandard!95008!US!-1&itmprp=enc%3AbgepL1tlUHjMGCVfSTGJh%2BzsVKeJ3CQk7NizDI4BZeppuFnmyS6Ijyp8lh%2FnEw%2BWqO7uTV1Q6izE1R0T54aV8j71F4xlWfVcGft4%2FiOQhtqVXA1rW6M1atPARQRmhqUxtEPJKhKtSFgI%2Bvwlzb0GwVCtkp%3ABlBMUObkmabpYw
Shop on eBay,N/A,Brand New,N/A,N/A,$20.00,20.0,N/A,https://ebay.com/itm/123456?itmmeta=012DEW30YG0MEEKND7NH&hash=item123546:g:acwAA9KNiJowH:sc:ShippingMethodStandard!95008!US!-1&itmprp=enc%3AbgepL1tlUHjMGCVfSTGJh%2BzsVKeJ3CQk7NizDI4BZeppuFnmyS6Ijyp8lh%2FnEw%2BWqO7uTV1Q6izE1R0T54aV8j71F4xlWfVcGft4%2FiOQhtqVXA1rW6M1atPARQRmhqUxtEPJKhKtSFgI%2Bvwlzb0GwVCtkp%3ABlBMUObkmabpYw
Project Sekai カラフルステージナイトコード 25:00 一番くじ賞 A 毛布,N/A,真新しい新品,発送元 日本,送料無料,"7,499 円",49.99333333333333,N/A,https://www.ebay.com/itm/355458478299?_skw=Ichiban+Kuji&itmmeta=01JEH2VNF61WAGPGK8FNVCDGZX&hash=item52c2f9f0db:g:l9oAAOSwyzZlydsG&itmprp=enc%3AAQAJAAAA0HoV3kP08IDx%2BKZ9MfhVJKkHEkoFo8tJMvRCqgt34125GS%2FrTafp8Y0vH2Gu0avm663JCMcB5aDBB6QQgu1zrU2WAyWLDVGuKTylJ8Xse7%2FlYSLecyA38xQNycPYiOzhEZ9fDJm9q4KudUh2yqupJ6zw5WlG5%2Bx84jTEIZrBzNxcCWEJ5ZGelZ%2BPkCsCyp7IE%2FOpnxZiiC8LhdITqnM11BRZDw3%2FiynCcLif0diO7VIn56on94xsrm5xE7psXbkhFx1cWYg8uc%2FWY%2FrGyztoAhw%3D%7Ctkp%3ABk9SR9bX7qL0ZA
Re:Zero Otto Suwen Ichiban Kuji G Prize Chokonokko Figure Bandai Spirits Japan,N/A,真新しい新品,発送元 オーストラリア,"＋送料3,079 円","2,871 円",19.14,N/A,https://www.ebay.com/itm/365128672132?_skw=Ichiban+Kuji&itmmeta=01JEH2VNF6207PZ6195NK27FHH&hash=item55035d6384:g:SMQAAOSwDXVkOASN&itmprp=enc%3AAQAJAAAA8HoV3kP08IDx%2BKZ9MfhVJKnx%2BzCiHl4%2BP2SpBREPC58G%2Fx6bJEezN0iIbnGwgIi%2Fa79R4nyWCmFEPpFnt6fCndS%2BbCIAmlCN7TCY7Rni0f7Bjc%2FW8h%2FXf2OuL5N2xd4xfc442szbRswQkufJ%2FDWpLJw6b3zUV9q9oXPQcM4BozbYleYyfcIj6vnm%2B3fdSLSns5udEzS83COeghOUBsayjM6KaMP91SPImzARAoFziBWsa6Z3%2Bfx8%2F8BsxE5Edf8tq2MNc27ZEu42y4xednyenT%2Bjko8PUAbhsytNuGczEvs11Welr48jb3C6VbbVwqAjsw%3D%3D%7Ctkp%3ABk9SR9bX7qL0ZA
どうぶつの森 一番くじ トムヌークストラップ(2006、BPS)新品日本輸入,N/A,真新しい新品,発送元 米国,"＋送料2,889 円","2,997 円",19.98,N/A,https://www.ebay.com/itm/205016053479?_skw=Ichiban+Kuji&itmmeta=01JEH2VNF611N82H51QWKXEEYN&hash=item2fbbe8b6e7:g:IdkAAOSwradm9wHn&itmprp=enc%3AAQAJAAAA0HoV3kP08IDx%2BKZ9MfhVJKk17rMc0BusWeKd%2B4dadk%2B5gYnqphEQZpM8q7NslNiYgkyTgqXsYA%2ByktQbN5MtxZTBRYLYCvpd7ZV9cNmZegEUP42wz1%2FvW1z0CZsdHg6XiuhmGf2MCyuH7h7GeSLa1AVZ1UuY3Gr37V0LD%2BgkRY%2FOvl8Es1iH8LV%2BEVsbp8k%2F%2BMbiwYZNVdxrcYGNHux%2Blbg%2BZn%2Fs42WhUQFUF67ExhKENrMZNYwwpyy91vUE9CpZSN3Rvhorn5hdOxLYGTc0Rxk%3D%7Ctkp%3ABk9SR9bX7qL0ZA
星のカービー一番くじプププププニューライフ2コースターカービーとワドルディー新品!,N/A,真新しい新品,発送元 日本,"＋送料1,320 円","2,399 円",15.993333333333334,N/A,https://www.ebay.com/itm/267088187077?_skw=Ichiban+Kuji&itmmeta=01JEH2VNF62YJGVYH4GN17JJ1G&hash=item3e2fb24ec5:g:2XwAAOSw4g1lpKRT&itmprp=enc%3AAQAJAAAA8HoV3kP08IDx%2BKZ9MfhVJKmtDonJ2Eg161XATLZRkNDkfuOiMqb0zTMgr46RN%2FMea2gQlnbNxm5BjDfNwfBIC9oo4UJ7TPMo9cPu9Pi1AwbwJmNMNe8uBU%2FjVVk3m3KHgthDc%2Bkr1JjmQy4eHfGl9ZlGXjJ4RvmNDH1TvvNJTGS34XCjOlw03Y0ioh7GU3M39mttXiJ%2FPrygitu%2FqEc51y7IXDY0NI8nd5JmysWygzB%2FFOE29P6AIXbv8irITPOqlimQjf6VlihzbFggMqf3oV5iVRhP1a%2F8JGlZRZnOr%2BrLQ0B%2Fu2EDLj3XyMvxXoRD3Q%3D%3D%7Ctkp%3ABk9SR9bX7qL0ZA
ゼルダの涙の王国ライトアップマスターソードの伝説,N/A,真新しい新品,発送元 米国,"＋送料11,213 円","13,050 円",87.0,N/A,https://www.ebay.com/itm/315814302536?_skw=Ichiban+Kuji&itmmeta=01JEH2VNF63D2TQFWY75NFFSMR&hash=item4987ffd348:g:~fAAAOSwL3ZnAEks&itmprp=enc%3AAQAJAAAA8HoV3kP08IDx%2BKZ9MfhVJKlX413CyZpPYqI8LcdRlrhu14Wc4aDg9uJtPfzsmlRXH72pgKyTE%2Fve72c5pDXJig1Wi9EoYYPyPsOVk5vjhooNobYgr5Ug4OlRFv%2BjFoZCQWoxBxRxHLqc9jZh13PHlV3x7lSxUj%2FEIiJtyRDbbDbUhEEwdb4CsMJQ54d2Lc%2FalXO6mWxEMI4AJJT%2Beq6tZOutGiSIdM7wCxDYTfX0CkZFT5x7fyj2o%2Bgfdq7FHVEQTYRFwHpf32CTqGfY6P93TJ0s0g21XjIaTZKJAn%2FVBCy2%2B0TQnnqDKTd%2BtjpNLb1INQ%3D%3D%7Ctkp%3ABk9SR9bX7qL0ZA
バンダイ一番くじ ドラゴンボールマスターリーズEX チチ天海一武道会 フィギュア,N/A,N/A,発送元 米国,"＋送料10,625 円","5,999 円",39.99333333333333,N/A,https://www.ebay.com/itm/116399225595?_skw=Ichiban+Kuji&itmmeta=01JEH2VNF6H12QV4KCK1P8BZQN&hash=item1b19ef3afb:g:w4oAAOSw3IBnP-tq&itmprp=enc%3AAQAJAAAA8HoV3kP08IDx%2BKZ9MfhVJKlqL%2BVIvKnTb%2FENR5H%2FZ1cLDAvY5QTjxAvn48cgd05gIvh99j9e%2Fg%2BeddEEg9g%2F0oCLxZaucIQ2nTrIp7wA3J2%2BFzpv9Q05H87CEVTSUPteLHf2Yj5UXR%2BLCbjYPDQ2FQoS2qBuU8D8Rf3G4kdmZ73YDoyCZe4LcaG2quM2avEu3hVQDrXsw82hp7tCVl2chI1KH%2FaGFE4HYdj56SUk%2F6oLtxB3ql8Otge48LPYptnExy2qYybRkTG%2BUWx%2FPLXjdR%2BpIOPQvN%2BO7YyQB%2FIpUIKr%2F4fRpM9JFQOCZiXw9pPkUA%3D%3D%7Ctkp%3ABk9SR9jX7qL0ZA
どうぶつの森 バンダイ 折りたたみテーブル 一番くじ 大賞 送料無料 米国,N/A,真新しい新品,発送元 米国,"＋送料8,603 円","9,899 円",65.99333333333334,N/A,https://www.ebay.com/itm/393122727494?_skw=Ichiban+Kuji&itmmeta=01JEH2VNF6FBV7PXZ1BD3GPR31&hash=item5b87f0c646:g:OrAAAOSwvaNgNtq~&itmprp=enc%3AAQAJAAAA0HoV3kP08IDx%2BKZ9MfhVJKmvZo7JK0R%2BQtelCLEwtexSW7xGU9DHglfZUcKJEs4OZoDrX3vfXtoN7VLZ4XrzW%2B14xW8JrS%2FrlEej4gX1RNifJFMt1hr5eLHgrEybC5X0odGk43sntY3t28sHabVL0t%2FP18w9zrl4ltF0YkJpJfP3oIOGzlm2NcycBsDf6%2BQ8QRS1UYJN3lk%2BpAMLhsO%2FaO%2B09jzi09TxIvyr9gWhgTYd%2FyL6syjFPN%2F3ONpJzXqvAJFuCgegdklILZv%2BCuEpxME%3D%7Ctkp%3ABk9SR9jX7qL0ZA
一番くじ キングダムハーツ リンクハーツ SORAスタチュー フィギュア 賞 A,N/A,中古品,発送元 日本,送料無料,"15,600 円",104.0,N/A,https://www.ebay.com/itm/146089097174?_skw=Ichiban+Kuji&itmmeta=01JEH2VNF6C93NH0VR9HKS07X7&hash=item220396b7d6:g:t00AAOSwEvdm4Bth&itmprp=enc%3AAQAJAAAA0HoV3kP08IDx%2BKZ9MfhVJKkPWAtY7MB4ElUE71NbkuByWLs7fmwPKAGgJhszf74yTlg8DWF6LPSqzhfWeWowQtDor0PQ4w7KEWpiFwk6FCw%2FJHoKQzriGQLpiaUTB4pl%2F4xzCcN7KnqQkYIoLpwEcanM7%2BV1wdrN6Vycg%2FC6YxAVXTNXtsArsO4VEK3R75L0okK2u9MUvZrh8h6Ka8HkNuSZMR5DTP7dNgE3jb02W%2B8qOUu%2By89Yqzm%2Ffp6ELVaeocHRIX%2FtLs8Rv55joyc%2BPu4%3D%7Ctkp%3ABk9SR9jX7qL0ZA
一番くじ ドラゴンボールEX アンドロイド 恐怖フィギュア アンドロイド No.16 17 18 19 20 F,N/A,真新しい新品,発送元 日本,送料無料,"94,137 円",627.58,N/A,https://www.ebay.com/itm/144612203569?_skw=Ichiban+Kuji&itmmeta=01JEH2VNF608XZCFFDJZZCR0KS&hash=item21ab8f1c31:g:mBwAAOSwGMti9FSJ&itmprp=enc%3AAQAJAAAA8HoV3kP08IDx%2BKZ9MfhVJKmyqCtEt9pDNku08mGh8vOpcfIUYGseWMue2Lo%2FgeH7a564ZjiHp6V7kDgtRPh%2FaZWP7q6e4WvliDloFTB543zZbzxTi3Eywq9Z1wCLdU3NVRMgq%2FBhZ%2B9sZa1X4wMB5AnZJtio%2FCzsjnQrnD%2FCuzIeaT%2BQGfcMfM5M5I%2B1GD1vTOctUXnuF8SvpKEv13ICH4NLJM6v6AKa8D%2BcxUCg2j4SwGmGE%2Fojk5xskCBMesP13sEUEw0j43ihv%2FfaMMb5--CwHiSN61UHop1jpIqaRblCayq%2BlvT0SuVs%2FIATm%2F4CQw%3D%3D%7Ctkp%3ABk9SR9jX7qL0ZA
傭兵、アイデンティティV ラバーストラップ、一番くじ、輸入日本,N/A,中古品,発送元 英国,"＋見積り送料 3,439 円","1,510 円",10.066666666666666,N/A,https://www.ebay.com/itm/286175719144?_skw=Ichiban+Kuji&itmmeta=01JEH2VNF6931REN2ASQS2YVJ9&hash=item42a166eee8:g:-tAAAOSwG6NnP6-5&itmprp=enc%3AAQAJAAAA0HoV3kP08IDx%2BKZ9MfhVJKnafJIPpcJOYDX9x6nEUmbi2LjITAXGLx5ddvRZICytZ2M7JpdbXiePfEagMBhTdfm2JY0fLmpDlsMJRRKXgfl0pRM%2Fbf7cu2TDBqdXeZhW775v5gQOmZirJuct6RAOkIV4HVBf755%2BBiFZlVIwbGlOdyxggpSkQGvyKGk6OmmDaVSu30GhDwdKbzUVhUmAZCSDVlVZACPlzkfGJL5KCLbMIGwxRdx4ctvrRS%2FmJAd5R9i%2B%2FurVERrkxc779S%2BzkW4%3D%7Ctkp%3ABk9SR9jX7qL0ZA
BB044孫悟空ドラゴンボール一番くじ賞Iキャンバスボード,N/A,中古品,発送元 米国,"＋送料8,337 円",897 円,5.98,N/A,https://www.ebay.com/itm/145737833915?_skw=Ichiban+Kuji&itmmeta=01JEH2VNF6KGR7CFD5GNGCYV78&hash=item21eea6ddbb:g:goYAAOSwENNmJb3b&itmprp=enc%3AAQAJAAAA8HoV3kP08IDx%2BKZ9MfhVJKkoYoXRE9OlmA2BDBQSwaPXTQrTg93uWR5i4sTxZymxSsRydSGslCHQxRThEASLyMLjS%2FXJtEFDc5XxAx%2FKjSt1H5%2BUk1ClxI75rfepV8aghpND0kAwE6qUTWzE66iWEa61pEhPbCVrdCVDfTu7vDdSvTp%2FzbooIaungepfOK5isj%2FV3KYVjCtGt0OSkblspA5UFKPe%2BoYIRT3Vn0DhwUc9SoJW%2FItNIUhuA0uTVWxF8GjndEc4ch7c18ab3X%2F6jpTMNnZeAQlrpaDX%2BeWjXqDjRDRcbNjxLdn5q5STGofOpA%3D%3D%7Ctkp%3ABk9SR9jX7qL0ZA
BB026ブロリードラゴンボール一番くじ賞Iキャンバスボード,N/A,中古品,発送元 米国,"＋送料8,337 円",897 円,5.98,N/A,https://www.ebay.com/itm/145801036668?_skw=Ichiban+Kuji&itmmeta=01JEH2VNF6YV192EKWX4G03T71&hash=item21f26b437c:g:2H0AAOSw9hBmVZ9b&itmprp=enc%3AAQAJAAAA8HoV3kP08IDx%2BKZ9MfhVJKlRUgTqdYg0S0oUVaPOOxGkXGCNqHSUVzguIG%2FUqPZ9JVpuOtoioy9YRMkoP6tUCEpbz5Pw54rkSaKRBQ2bo8U2ZoyZI7rbAa3jnMmjJ2lq4FyzsObw0mfTB05KqkQygoUKxhnJSu9zxt%2BjwB%2BPtXGxlTmY6YVcS9v2YbOb5kwwc3%2BOavNvkfKiMILLa94oiwYWCij8fuCN8Fz8Wvmv8xtN7BFb2o8%2FVmvcTo7tIETn%2FPb90H06%2FqmJPNffDrqWqrgSqhHciJh6CV1ApJA95%2FHjorPreSUJxhLslymkuHubDg%3D%3D%7Ctkp%3ABk9SR9jX7qL0ZA
BB046孫悟空SS4ドラゴンボール一番くじ賞Iキャンバスボード,N/A,中古品,発送元 米国,"＋送料8,337 円",897 円,5.98,N/A,https://www.ebay.com/itm/145728989917?_skw=Ichiban+Kuji&itmmeta=01JEH2VNF6KFQ0JGC8X2XV7NM0&hash=item21ee1feadd:g:CiQAAOSwQZ5mHwsY&itmprp=enc%3AAQAJAAAA8HoV3kP08IDx%2BKZ9MfhVJKlWhHV0qrnUB%2BPZhO1OS2B8UAvdGxkv2rM%2Fr0Iveh2qb%2Fxhw9aTw%2FWncsswCUdVZzUUM2GhOVEe4eQaCHcsklENDdVBdy3ZOYhjPQAy2AEq7eDKPWljpJ2NqP9cQ0W2XhgWOBRRHFrceqaCK%2FV3sLZ3Q0w88%2BVP96MweNcXvNguYSBHuk7puHdse8AmaDG%2BXRT0eM6dS9E9VTGBrDl84E8KRB%2FQe5yXJXl7ihe5iH%2Blgaw1vfNIiNlfuLb%2FJvNaBlLik5Ut82L9q1y0iT8gec8qT8P2QFENqY8YLSN8bRoDTA%3D%3D%7Ctkp%3ABk9SR9jX7qL0ZA
BB027孫悟空日本ドラゴンボール一番くじ賞Iキャンバスボード,N/A,中古品,発送元 米国,"＋送料8,337 円",897 円,5.98,N/A,https://www.ebay.com/itm/145801038876?_skw=Ichiban+Kuji&itmmeta=01JEH2VNF7Z9ZEKVAH0YPAQEKY&hash=item21f26b4c1c:g:~UsAAOSwv3NmVZ-Y&itmprp=enc%3AAQAJAAAA0HoV3kP08IDx%2BKZ9MfhVJKkobKvXgP%2B1goe%2FMJ2ANd%2FSqpIwyjOwf2%2Fb2Ij4BPJy5gGuCfk6YPIeF%2BADYojMxdFobEl5U%2FxM84V9I0R4IMOVKp8M7g22mk%2FQ7WjgjwOaeuf7tvS%2FEOihV1jK7DqJMPyRPCAli8klU5L3P57tkFmWKyD9Lcg2Ssh0eCdrYx%2BbcnXoNQud5TaJFGc7MdhDO9SooztRHjlfJUjIuIrZYOZBt60S5e5EC3lZ5UH8E7cxXcZMpAAah1kSTWWV6gDIY7c%3D%7Ctkp%3ABk9SR9jX7qL0ZA
一番くじ 勝利の女神 ニッケ賞 式志コレクション ブラン,N/A,真新しい新品,発送元 英国,"＋見積り送料 5,089 円","2,483 円",16.553333333333335,N/A,https://www.ebay.com/itm/176713089665?_skw=Ichiban+Kuji&itmmeta=01JEH2VNF78AXNFCVE9TT0B6JG&hash=item2924ebc281:g:wdYAAOSwBIhnASy6&itmprp=enc%3AAQAJAAAA8HoV3kP08IDx%2BKZ9MfhVJKm0d0Z6MIUMfFo8EMIm9Q5cZ9lXDoVcla6%2FtcPGVOOyg%2BSfo%2FN3PEQwVeMM8KPtZvP4bmx6bg23UOsz%2BGP8rRfP3m%2ByiXPbV4demS0Gmw15rTpGqvvXMmTuE8w%2FECzTS%2BLO4RtAg5C5nkMQ9QO8sBX3Mocx96U88G263OSoSq7LEcHd%2F%2BOcuuY%2F4Kbnjd5yHXmGVPTKqHp3Bh7yqetD2ruN1bmBNZEqYoSIdoRc4rHpgRfNxToBstgj5jVhOcJNzaE9rElCttzp9Y1YhmAnF7B1UIe33FM%2BxFgjpxcRqS4Byg%3D%3D%7Ctkp%3ABk9SR9rX7qL0ZA
星のカービー 一番くじ カービーカフェ メニュー フィギュア チャーム マシュマロ オーレ,N/A,真新しい新品,発送元 日本,配送の指定なし,"1,499 円",9.993333333333334,N/A,https://www.ebay.com/itm/266870032758?_skw=Ichiban+Kuji&itmmeta=01JEH2VNF74ZVFK8GJX0D1JHA4&hash=item3e22b18976:g:RhcAAOSwmTJlK~O8&itmprp=enc%3AAQAJAAAA0HoV3kP08IDx%2BKZ9MfhVJKkFBfRBKec0TNw8ajPJrItgOdnYg5qEYV8ZsbgNWZR6Lt5FHJsFL7evnX0vTGRrf%2F9m%2Fn8YgoS7ESYm0FtARd0scKOnF8A%2FTDlsTuVE0LX1ffkReACy935dyK2zkAo6Km2m%2FV50VqoqZpD%2FXU0%2BpGjbrxRo0dJ1p2C7Xevfcbok%2B7YXoDUkpeLYROhWHgGbbxH30jpMMr4aZNY2%2BLRxR0s9WCNvUa2dwIGs4h9hCZKGa%2FwNXHR3XZbxDdjhdz6XC1w%3D%7Ctkp%3ABk9SR9rX7qL0ZA
賞品オープン エドワードニューゲートフィギュア 一番寺ワンピース版伝説,N/A,中古品,発送元 日本,送料無料,"11,048 円",73.65333333333334,N/A,https://www.ebay.com/itm/276756650367?_skw=Ichiban+Kuji&itmmeta=01JEH2VNF70WREC60CJBV3ZHE0&hash=item406ffb597f:g:YiMAAOSwAE5nSVjz&itmprp=enc%3AAQAJAAAA8HoV3kP08IDx%2BKZ9MfhVJKmpfLhMdqgs0%2BW7T9wsMtG6ohrYp%2FPuduYHo0RbuKOIqUZ5ebZOkuZ5ZXBAP9mY9HP1z29qkthvVm36B5DBelfs5TmVERLamFLO7XwiZlgAEVmivOK7cWqb%2FRTohuK%2BvCv1d1Ymx%2FCH5p6YkuLqSRQq49DCWlLbjEeGhHOo0Kr3l%2Byyma0fOJtFrAKYcNg37uMnP8kOVzBzk5jr50sXdboQYGcUPwsznhCUIu7ykMUeF0tmHN5TsmvJ%2BTCdBaCFztFFo2lk%2Bq2etnRy%2Bshm8NfGhfajFCjqG5N%2Fn7IknI7gJA%3D%3D%7Ctkp%3ABk9SR9rX7qL0ZA
コンプリートセット ドラゴンボールZ 映画の歴史 一番くじカップ タンブラー 6個セット,N/A,真新しい新品,発送元 米国,"＋送料11,144 円","6,149 円",40.99333333333333,N/A,https://www.ebay.com/itm/166892963294?_skw=Ichiban+Kuji&itmmeta=01JEH2VNF7QBXW4SJRGZMKGN1V&hash=item26db9885de:g:Y9AAAOSwh7lmqDr5&itmprp=enc%3AAQAJAAAA0HoV3kP08IDx%2BKZ9MfhVJKnJx6GImQOwelBtYjZRXg3f5Jpuql%2B4s0kAg%2FRw3EhrYyL205WE4yvV8%2F9bJgoDGN2KnhEPUlcJ1H7nldNEPcgpAXkXdwi0NK%2BnodA%2FXwuUh9e7NJ3IPvo0uLyniHDhUjdvRyr8ZnhmupPYwHARpyE%2BPRVbzT2z7RyE75N8rEDtgeKnGF%2FExpGURGj83PQ1JVb6dZ7PQE7CZb40n2eVQ6vJutH3EJOjlIyBACNMHzOEXHMfcEAw3H1Z3Zci8GbmRNw%3D%7Ctkp%3ABk9SR9rX7qL0ZA
一番くじ ドラゴンボールVSオムニバス賞C ゴジタブルーフィギュア 箱なし,N/A,中古品,発送元 米国,"＋送料9,003 円","10,500 円",70.0,N/A,https://www.ebay.com/itm/156467060654?_skw=Ichiban+Kuji&itmmeta=01JEH2VNF7M2SGD8WY5XKBG6TB&hash=item246e29dfae:g:cGoAAOSwEDFnE9ax&itmprp=enc%3AAQAJAAAA0HoV3kP08IDx%2BKZ9MfhVJKksS9uArgbbZfHor7drp4nd14DYPPxUjzSkYRcIdeobcYI8JbuzR1xipl0JeDMzWNfRZ1%2FKbjzR5YX6vn6iCcGWu2L1P%2FWvWmFqACP%2F0HDt42jOIcW4pLsrXO7F7Hib2TwnWlezH9XkmNkNL5JA5Kqa7Z%2BNsqjHQDaGsZCUeTTu5vs7X5VnsAMx3dVgNAtzs4WwdR5LtQ3JFe54fW8HXtOogSWIyvwJEcVD8gS7JISpgAbzwhmOs8E%2BMBKBSXcl7hw%3D%7Ctkp%3ABk9SR9rX7qL0ZA
一番くじスライファー・ザ・スカイ ドラゴンフィギュア 遊戯王Vol.3 日本ラストワン賞,N/A,真新しい新品,発送元 米国,"＋送料12,296 円","17,999 円",119.99333333333334,N/A,https://www.ebay.com/itm/305938567894?_skw=Ichiban+Kuji&itmmeta=01JEH2VNF7VD9CB95WA058X0RT&hash=item473b5c12d6:g:5YQAAOSwkFRnSCcU&itmprp=enc%3AAQAJAAAA8HoV3kP08IDx%2BKZ9MfhVJKleYr1Gl7H2y3FuJbolaB0rycnR6ZYaSEdfuMrFUblCF1dXjY5%2F%2BHvHuRfsHnckRiubz%2Fnwg3lYv7W%2FM1hjfTgFN0nkdDSuYpQESi9C6uUn8bF8YPVS%2FfyYsPl3jBSY3OKIH%2FW5qQB4u4ud5Wy0l2HKo0kUSTzQp6WBV41X1lPULNzFMnyubW78ScKIA0Aqj8TOkpajwsSvPtk7GX2VWsnRNK1e4dcm3%2FVH9Z7aeq%2FbQM%2Fahkb8OgfFm17LqNf7fsDjSNQY3qIMzySis3XknlTaNhblKbuGMkyj8pXp6qvkCg%3D%3D%7Ctkp%3ABk9SR9rX7qL0ZA
ワンピース ロングハンドタオル ジムベ 一番くじ賞 M,N/A,真新しい新品,発送元 英国,"＋見積り送料 4,666 円","1,338 円",8.92,N/A,https://www.ebay.com/itm/387418655338?_skw=Ichiban+Kuji&itmmeta=01JEH2VNF71M36JSP12F9CP3AN&hash=item5a33f38a6a:g:BPUAAOSwOqZm8xJU&itmprp=enc%3AAQAJAAAA0HoV3kP08IDx%2BKZ9MfhVJKnxW75pfSMIrVrB72KVawfHe1meeyv9XXBmGS4kq%2FXpkyzGLuwLsp4tmuN6hDl%2FAq6KYpfDeDRJEGYZy0KrvgZVKbmEf%2B1TBIIxOtJNi2HJUSeBH8LHvYHpHYIIh2xD3x1o2F%2B%2FSqQITfVicqlWLqSo5gvqxlU%2F%2BedBcVfpVIjvdvNFUJNsKkjUuIQX3ckwTMQPi9%2BeaOhJUIvwfl4f8oioDyKQghKVuclXQJ35S62Nt1gYKGsPRkWxJOdpAezYzUc%3D%7Ctkp%3ABk9SR9rX7qL0ZA
ジョジョの奇妙な冒険 ナルシソアナスイ フィギュア D賞 一番くじ 英国セラー,N/A,真新しい新品,発送元 英国,"＋見積り送料 4,993 円","11,468 円",76.45333333333333,N/A,https://www.ebay.com/itm/296792784005?_skw=Ichiban+Kuji&itmmeta=01JEH2VNF7732YQCQFPK9HF360&hash=item451a3a7c85:g:3asAAOSwQsdnJ600&itmprp=enc%3AAQAJAAAA8HoV3kP08IDx%2BKZ9MfhVJKlypxx3gNoWovqtIsPRZrJxy%2FEfkKhVHohd2p2MIzafCYG3p0knHsxQbTdwt%2FZjgYJ%2B8L0wRBoa893ZwUgTXTkt6ZKzZVhiJNeLkqAGr7ryjwbKrGep0vvF413ePlIpQBTvyQbmQyxub4uUWhBY2A5%2FH1FB%2FVlN5sya16a1CbYOcE%2FGpTUnVq0yGB2kgktZI8Q2ytwpP%2FNHqDM%2BS3fGcJTMR1eyNwg%2BDg3H3k5EPXhIxPaDvUkRbIvX4tV42A1ZpKJwDL2Y0sbxkQ107k9FkAQdKqU1hk06TWS3GU7U1%2BG0hA%3D%3D%7Ctkp%3ABk9SR9rX7qL0ZA
僕のヒーローアカデミア ザトップ5!いちばんくじ アクリルスタンド ギャングオルカ,N/A,真新しい新品,発送元 日本,送料無料,900 円,6.0,N/A,https://www.ebay.com/itm/354463720122?_skw=Ichiban+Kuji&itmmeta=01JEH2VNF7GTY1ANTSZ4GC8NAM&hash=item5287af22ba:g:MyoAAOSw2oNjoKKt&itmprp=enc%3AAQAJAAAA8HoV3kP08IDx%2BKZ9MfhVJKmVefe8ZDP02rO03sDvtziq31felbpWLB%2Bfy90SJc5lYr6H%2FSlDY%2FR9ndgG34ZJr4lufIYCiWCQrqcC7lKyZJMqBlye4BlwewWG5PTQGSyrX2vPEY41cyKNPhDKeTLmZL9wcMqJj3LFnWaFQ9nrCZjzaUG7sn4szx15%2Bg8Hoz4Ulz1nggr08rIMvAES8Mu%2B05wWH%2FOGI7tNpypN5Iv6df%2Fio6zinkHU8bZPe5l0AS7aXAQjWZA3DcK7JszTmmrhK4Nk94hyOcYjb2BxXFQpkZ3LQYYuQLlTxaQV7%2B7WurjCfg%3D%3D%7Ctkp%3ABk9SR9rX7qL0ZA
プエラマジ まどかマジカ トモエマミ フィギュア賞C 一番くじ 日本,N/A,中古品,発送元 日本,送料無料,"8,400 円",56.0,N/A,https://www.ebay.com/itm/144624294901?_skw=Ichiban+Kuji&itmmeta=01JEH2VNF78Q73KY513Z3405AK&hash=item21ac479bf5:g:6s4AAOSwQ2liuqmj&itmprp=enc%3AAQAJAAAA0HoV3kP08IDx%2BKZ9MfhVJKlPIPI%2FBlN%2FUTDv7jN4VeVsp%2BWFnZsaIZXjlJYxzLjswj5jLRL1O7Otgg4u7tsEmVDCU%2BamAEUhkWROolYswS4MDfI5t9QQNTV9FWLhsgMdmMKiylIm07Lq9Rcg0MkEdeJHoGtaZk5fxvRkP9JGyt8s2U4rwfOEO%2FjeVXSUlLNl4xYsCmndbJdBV74OqNYBB9Ja1uowEq7FcdAPtrtq7hKwahewiw273hy%2FWGE%2FcLJYdeEoJWyJfgcgEsKF9TpAJys%3D%7Ctkp%3ABk9SR9rX7qL0ZA
ドラゴンボール「一番くじ」賞Bセルパーフェクトフォームフィギュア レア,N/A,真新しい新品,発送元 日本,"＋送料1,500 円","6,000 円",40.0,N/A,https://www.ebay.com/itm/134056892898?_skw=Ichiban+Kuji&itmmeta=01JEH2VNF7QGDT1GZ9JZFXZFZ4&hash=item1f3669d9e2:g:oNkAAOSwOGdi6VI2&itmprp=enc%3AAQAJAAAA8HoV3kP08IDx%2BKZ9MfhVJKnFoqOHModESHcQGxw%2BeUR3ekiZq6MjqZgkuO9oXGW9eYN%2Bl1jWGtN5SPyKz2cCz8MB4e3uy%2FvDrbuN5k55lizodlf4SizVVWLxf0SJKzJSScGvPS9kkLAfEd8d1CASeMQ4%2B2R7dj9cW256%2BvE%2FWNd8N0MdzQrH66RC473HQa%2FqF%2BwyrjcS%2FGUCjJmzl7SERYaE4qTp4C0Ebue1JxbW%2FLpBkp5nOtrAtARGIjS5e89ey91SEwHylwh4n1vyS4NwsfW3MOOrX9Agxu71LvLNrMK%2FNdCvM9ZsnUnvp46%2FuIF3vw%3D%3D%7Ctkp%3ABk9SR9zX7qL0ZA
ワンピースフィルム レッドヘルメッポ 一番くじゴム キーホルダー,N/A,真新しい新品,発送元 米国,"＋送料3,113 円",600 円,4.0,N/A,https://www.ebay.com/itm/305808399801?_skw=Ichiban+Kuji&epid=18057391593&itmmeta=01JEH2VNF7M58Z7GV110G9E414&hash=item473399ddb9:g:OZcAAOSwEwdm9su1&itmprp=enc%3AAQAJAAAA4HoV3kP08IDx%2BKZ9MfhVJKlB96iS1pj0UjNCvmvLZaz2rsJnvstfvhpbmeBe4goX8%2B9eIr5S0xx186uUNkbGGzkwQdCmjRXVP2t3P4gqj9M3o1jQ%2BnY4QTyEeYpJDDzEF0MvuDAL%2BpZHZPEXHx71A3HDMHGvOW4JAWcoaPPiCjT2oroJzXQTnFFBuNb007YqVRX1MQusASwI6qq2yu5M9wUjBh5Ol2mEdN2lUp%2FVqfKGp5d12FxkogPuPkZmfvjK49Tnozitl3fWCwnIJarzYn353D5Z9McfH0xzRLdc3ga7%7Ctkp%3ABk9SR9zX7qL0ZA
たまごっちくちっぽち一番くじハンドタオル、輸入日本,N/A,真新しい新品,発送元 英国,"＋見積り送料 3,433 円","1,434 円",9.56,N/A,https://www.ebay.com/itm/286167191905?_skw=Ichiban+Kuji&itmmeta=01JEH2VNF7N8SCAYN4MQPK0ECM&hash=item42a0e4d161:g:7TQAAOSwHOlnOWNT&itmprp=enc%3AAQAJAAAA0HoV3kP08IDx%2BKZ9MfhVJKlRDnahNfcBQInNPQiAcGkcg83Ox6x1UeERHdqEPmGX0QpMAsQCc3S%2F8lV5DnvdyoQWz9NRXq82sefQLFW4we4MDS1LasFHiWewo5Afk6OM29RnxJ7URxiBsxDtoO7KGYLdAWn3DkHa%2FB5nthZ%2F9PVhijB7qteHjhJo4n1zWOUtuOPGvFpUxsCPxRX6bzG6Tj4y%2Fcijc36lo8povE5WNvUKOlqOYwfCDUI95iHloHB1w3ZbnNIbT7Iwk%2FHlG63G4yw%3D%7Ctkp%3ABk9SR9zX7qL0ZA
ワンピース エッグヘッド 一番くじ ロングタオル ルフィとゾロ,N/A,真新しい新品,発送元 英国,"＋見積り送料 4,922 円","1,912 円",12.746666666666666,N/A,https://www.ebay.com/itm/196792971424?_skw=Ichiban+Kuji&itmmeta=01JEH2VNF7SFZYX7NCRF0288CP&hash=item2dd1c670a0:g:um8AAOSwbBxnLl4C&itmprp=enc%3AAQAJAAAA8HoV3kP08IDx%2BKZ9MfhVJKnfH5mwgStKpUL%2BWpKsXZeB1JOERVKqAbTG5mjZ7Lq9WageG66xA%2FTFpHDKeaW6Y6r5fgIec7i%2B5y0%2FNIGTeKWcOuTho8uYszTDUI5UCdPCW96QcYqsnyHMwDGDB1Xegpz%2B6Cwo4d5INGPN8d9GHlfQ4u%2B3B3O3xt4khbezUNhNgP%2F%2BqZ9SvRaKOInhG9uKVoTM7YhC42srqZzVnAhF87fQdjjgVJ8Q7XdDW%2FUOlzdjZmbrfzaz45uWS3hYopsVS71tPbjFM3yOOSnq9SSHSLZfHBsVLh8Cck5aeIuBffWZFA%3D%3D%7Ctkp%3ABk9SR9zX7qL0ZA
TYPE-MOON一番んくじえみやさんちのきょうのごはんアークキーホルダー/キャスターメディア,N/A,真新しい新品,発送元 米国,"＋送料3,056 円","5,843 円",38.95333333333333,N/A,https://www.ebay.com/itm/355686599477?_skw=Ichiban+Kuji&itmmeta=01JEH2VNF7NBATE3C2W0WAHFDS&hash=item52d092cb35:g:xX0AAOSwAl5mNYJ1&itmprp=enc%3AAQAJAAAA0HoV3kP08IDx%2BKZ9MfhVJKmXzauVnCd1MOYiG3hoOVdQCll4DdTZOigtzX77SfF7yYt%2BqAM%2BqE%2BxNjDApLBUmwc37CJsb5DHPoeuop80jNpYjtJG3sNyr8MWv3EBuIhzBs3L5nJ7%2FaWZTrVX4qXskXbkT3HgBIBnKJKo33g2UDFjk5fJCiBiiQ1s%2F0LfyEXTqRnH1Ezusmgcv3p8tyHIFKIN1Lba4u3eHxV%2BHFgpruH%2ByelcHI7wpaXs9r6Cw6wtJZh4M93U1vgZ31adCqo1r%2F4%3D%7Ctkp%3ABk9SR9zX7qL0ZA
星のカービー一番くじプププププニューライフ2コースターカービーとワドルディー新品!,N/A,真新しい新品,発送元 日本,"＋送料1,320 円","2,399 円",15.993333333333334,N/A,https://www.ebay.com/itm/266618265713?_skw=Ichiban+Kuji&itmmeta=01JEH2VNF736QHCK1YYQHPYP64&hash=item3e13afe071:g:2XwAAOSw4g1lpKRT&itmprp=enc%3AAQAJAAAA8HoV3kP08IDx%2BKZ9MfhVJKkfyLRgGNsxVDG4Mi2wAhiF8W5knk%2FRuZiYEpgg%2FlH4suIMyYvLwfnhG%2F5p9%2F7x6Tkm6zYQyZm%2B4qkIwDsrYh0UhxjS6j64XZfEolJ3Cg9qGeXlVDMH319qHxEbh5Co5tKCp1aSvaCSHBgxguJOeYlU1qpU4P5jdXjT7T24pZS6vGFn6fVnbOhUGFGtcZ5sEsur2zyPAowuIjKe7lgjqA7ihQh4tz7kCNvh0FUW1aa1xcL%2BCbtgNPKbtK7LqvTzAZsKqU%2F2wgAXCXcTTmtSnAOXEWvCvBG28J0vIWxkMiorKw%3D%3D%7Ctkp%3ABk9SR9zX7qL0ZA
ワンピース一番くじ D賞 石ソンソンマグカップ新品 FS JP,N/A,真新しい新品,発送元 日本,送料無料,"6,000 円",40.0,N/A,https://www.ebay.com/itm/196592186657?_skw=Ichiban+Kuji&itmmeta=01JEH2VNF785P0HM1VX3HWN9YH&hash=item2dc5ceb521:g:6GQAAOSwefRm0UB2&itmprp=enc%3AAQAJAAAA0HoV3kP08IDx%2BKZ9MfhVJKmwfj98NkVsVAYcxQX0oNPMEzXGbK1bXI6tEWGT3oTAaIMpqagToaDEEJRaaYao8N4TeTl1ST%2B5%2BZkbnkD2hAEw3c1bAJAXgNdgIAkee%2F2f761uTKWhN%2Fh4SUOHsaFaFkDoCkUsnh1j9JE8dv%2FKHIbSVZmg9UTKCqmLS0RCmAg6rk3bxVMA7iKqoxi4A40Yy3iWSBiKELpovAiB8om01Mvxk8JPz%2FeASkjBc6ALRgj0kNpp3Lsw2kXxLkwwzVy9gJQ%3D%7Ctkp%3ABk9SR9zX7qL0ZA
柔術海戦渋谷事件3 一番くじマコラ フィギュア賞 最後の1つ,N/A,真新しい新品,発送元 日本,送料無料,"22,499 円",149.99333333333334,N/A,https://www.ebay.com/itm/196811299413?_skw=Ichiban+Kuji&itmmeta=01JEH2VNF7KSG2DZNDQKVRF6RK&hash=item2dd2de1a55:g:c0gAAOSwmQlnNeAQ&itmprp=enc%3AAQAJAAAA0HoV3kP08IDx%2BKZ9MfhVJKm7hjy1uoE6tm%2F7rCmBkSucswy4mGbFC9YFAn10DpG68oOvd02wmjcsy0OyQ3Ty2W2ySqoDfOZWAlSikpY3CTyF2vo9GnoLDWwp7lC7LQujBpLeznYbLgypfOi7mxk6ibtP1CqzRTa9x3lGb3Xgtbg62qltLEzb15ZcMmIU0q7%2Fz%2FACZ3TELcubojaSIRC5unhcMOO9KgZ5L2yWFZpxQ3lllHB6PD9i361x4bmWyFifCZ8cAm1x02ism4kdLkBnOJs%3D%7Ctkp%3ABk9SR9zX7qL0ZA
ジョジョの奇妙な冒険 スターダストクルセイダーズ ディオブランド フィギュア 一番くじ,N/A,真新しい新品,発送元 米国,"＋送料9,003 円","10,499 円",69.99333333333334,N/A,https://www.ebay.com/itm/145909358004?_skw=Ichiban+Kuji&itmmeta=01JEH2VNF7YS2A2VXBWX20RAD1&hash=item21f8e01db4:g:G6cAAOSw~7ZmoXCw&itmprp=enc%3AAQAJAAAA0HoV3kP08IDx%2BKZ9MfhVJKkZBExt7iR%2FAN9XPqsNcj7DDb24zd4pSiEQgpINiNCPtljoOMzsDLYKh9jt04yZX8GYNlWesJuN6rJ6ky4tq882%2B2Dgpd0ydpqN0oYCJFIYVRPFw8Aazoqr3EDrmhXTWf%2F7ucDsimxVRvoNQf%2F8GwsrmcaS8z7%2BIMLiOx4F20SuXEbAId3tz4S1g%2Ff4YDpBpsaVdya1ag1powl%2Fbpz9sLLLB1X2hheTIWk5RqZHOUL8I%2FZK43FeNEProRc53jQxOFc%3D%7Ctkp%3ABk9SR9zX7qL0ZA
Ichiban Kuji Evangelion 3.0 + 1.0エントリースタート! チャーム いかりしんじ&NERV,N/A,真新しい新品,発送元 米国,国際配送無料,"1,800 円",12.0,N/A,https://www.ebay.com/itm/355183079623?_skw=Ichiban+Kuji&itmmeta=01JEH2VNF7BANAYF7TJ0E9DES9&hash=item52b28fb0c7:g:KuQAAOSwCzhlTowf&itmprp=enc%3AAQAJAAAA0HoV3kP08IDx%2BKZ9MfhVJKmeAyTZUmBEA9ZzPjwYpNIq5oOJm1ILmDG800migF%2BCeT65rEBuxxyMpn30zrlrSdQmQ7PXWVkclrKA2amaMKtzmExYUEIlE9xievcqbycIUYLE8oBPa%2FSMr47Ps2Yg%2B%2FtLkymHMJrPusa3KqEdJLTe2zoYdkFxyPJjBW6jYZmUP7YpFl2nmQUpGLEC1o9MROzlMyefUZxDIzFiWeQKHwpkjNjpKsD5WNqwt%2FqACXxWfRnNg7CFcP9ETev9ZrsNsS4%3D%7Ctkp%3ABk9SR9zX7qL0ZA
ルパン三世 第3番 クジ DX マスターピース フィギュア ルパン 藤子セット X 2,N/A,真新しい新品,発送元 日本,送料無料,"13,499 円",89.99333333333334,N/A,https://www.ebay.com/itm/166603093886?_skw=Ichiban+Kuji&itmmeta=01JEH2VNF7BT3ABYRZ2KRZCWSJ&hash=item26ca51777e:g:F1wAAOSwZVhl0H~6&itmprp=enc%3AAQAJAAAA0HoV3kP08IDx%2BKZ9MfhVJKnMJq0koPnlUvY%2FFj89F%2BZYD17ZV3UU%2BW5%2F48oqoO5Pe1HO6wZvcFITt5i9JlYKGqBTyXGXKPVkCfd2qcZwPPNgs6%2FdOBhVbcuMxdTK4jgp1iV3vMdmyA8%2FvvJG7GUODri5r211MwyUJVRKDl%2FGa5Yd4Mani5t0%2FpC23ski80ThnK24MhW%2BfN4yX1cPDvZt10ZXXzQ7QDk%2BhSmYJRCY5TTrUobACQIO4Tw4VO3XtaojT7hCbjzYC8%2FYknoCIjUsflA%3D%7Ctkp%3ABk9SR97X7qL0ZA
ワンピースフィルム レッド トラファルガー ロー 一番くじ ラバー キーホルダー,N/A,真新しい新品,発送元 米国,"＋送料3,113 円",600 円,4.0,N/A,https://www.ebay.com/itm/305808401118?_skw=Ichiban+Kuji&epid=18057391593&itmmeta=01JEH2VNF72311N9R2R8QS7KHE&hash=item473399e2de:g:mCcAAOSwE0xm9svZ&itmprp=enc%3AAQAJAAAAwHoV3kP08IDx%2BKZ9MfhVJKnmziuLIjjGngkKKIiJjldZpiUf32sTJxAqQ%2BVpFQmxhdIB22R6z1HfDKlzFgjaISk1qiXe1oQrjAln2qKjTcuqJcrHG%2Bvxe5b67%2BdnMZR%2BABX9ppq5C3biaA8TofFr4ZHZ4v42HB1u24Bkx8l8AAoLI1CFsC8%2Fx1liZhIjTlGxFQtqLroZLCVxOS2lwkZbHJwlO24AFJRKDV%2F5mnoVj39nQR7wPDDAqEmVqvTiyZoM5g%3D%3D%7Ctkp%3ABk9SR97X7qL0ZA
