タイトル,販売状態,商品の状態,発送元,送料,価格,販売日時,URL
Shop on eBay,N/A,Brand New,N/A,N/A,20.00,N/A,https://ebay.com/itm/123456?itmmeta=012DEW30YG0MEEKND7NH&hash=item123546:g:acwAA9KNiJowH:sc:ShippingMethodStandard!95008!US!-1&itmprp=enc%3AbgepL1tlUHjMGCVfSTGJh%2BzsVKeJ3CQk7NizDI4BZeppuFnmyS6Ijyp8lh%2FnEw%2BWqO7uTV1Q6izE1R0T54aV8j71F4xlWfVcGft4%2FiOQhtqVXA1rW6M1atPARQRmhqUxtEPJKhKtSFgI%2Bvwlzb0GwVCtkp%3ABlBMUObkmabpYw
Shop on eBay,N/A,Brand New,N/A,N/A,20.00,N/A,https://ebay.com/itm/123456?itmmeta=012DEW30YG0MEEKND7NH&hash=item123546:g:acwAA9KNiJowH:sc:ShippingMethodStandard!95008!US!-1&itmprp=enc%3AbgepL1tlUHjMGCVfSTGJh%2BzsVKeJ3CQk7NizDI4BZeppuFnmyS6Ijyp8lh%2FnEw%2BWqO7uTV1Q6izE1R0T54aV8j71F4xlWfVcGft4%2FiOQhtqVXA1rW6M1atPARQRmhqUxtEPJKhKtSFgI%2Bvwlzb0GwVCtkp%3ABlBMUObkmabpYw
ディズニー ツイストワンダーランド ぬいぐるみ 一番くじ賞G イディアシュラウド 箱なし,N/A,中古品,発送元 日本,送料無料,4485 円,N/A,https://www.ebay.com/itm/334628459096?_skw=Ichiban+Kuji&itmmeta=01JEH2SMQEA3CPNJ3X61B28EFM&hash=item4de9691258:g:HgMAAOSwcTxlKQby&itmprp=enc%3AAQAJAAAA0HoV3kP08IDx%2BKZ9MfhVJKnSzBpL9tMvG%2BzMfsp4lJyfawOHRsMm0Zyxrqhj6poFxFLtbk8gWtm%2Bbs7hdNU3%2BT7szUDtf1Kk351NP2a12pSfEWtwDFR%2BBpxadGUMuqaQ5DW73BKwfD42pr4uuLNfN%2Fczwb%2By4asNPl5NVxZpJhZ0bE3tls038os2g2nqG28EJrcyRedK3Q3dkF%2F83oxv69EUmPxGnYGbox21a2VqPLmUHVFzncR%2Bk%2FeCl76QgClIcREAICBuExi2mge7eUzFRlI%3D%7Ctkp%3ABk9SR-jL5qL0ZA
ドラゴンボールVSオムニバスブレイブイチバンクジ賞Eブルマフィギュア(B/1),N/A,真新しい新品,発送元 英国,"＋見積り送料 5,561 円",12425 円,N/A,https://www.ebay.com/itm/186723226301?_skw=Ichiban+Kuji&itmmeta=01JEH2SMQEW6RF079H5MDDHVYV&hash=item2b799252bd:g:li4AAOSwsExnCmL~&itmprp=enc%3AAQAJAAAA0HoV3kP08IDx%2BKZ9MfhVJKlgjEUCk9ccBTZImdfLfop1UymuRklVpmvM3dTxJQEk%2BOXGIAa%2BMnaxWVTp%2BeoNQK8uHGhTaaVmf0x8Kbg3%2Fk7MwK9vIZK1UKRZrR1k9PTlSiO0gaLT36ErKR%2FgFim5yMq6QIO330gIY6K38XQdt7VxwZLF2jiGx3aTaqSaO2mN90mtp8R0CaNwTcd8%2BP53xdW%2ByRWUsCXCYcB0iNpkCHPxs6tULRLXe45%2BWk61ZuxwHzRYnRtR%2FT6BUCDD%2FD14TRs%3D%7Ctkp%3ABk9SR-jL5qL0ZA
僕のヒーローアカデミア 爆丸勝樹 一番くじBフレンドフィギュア(B/1),N/A,真新しい新品,発送元 英国,"＋見積り送料 4,628 円",5544 円,N/A,https://www.ebay.com/itm/186827411405?_skw=Ichiban+Kuji&itmmeta=01JEH2SMQE74745BT5KZ4JJ44T&hash=item2b7fc80fcd:g:cwQAAOSwjqxnUMNG&itmprp=enc%3AAQAJAAAA0HoV3kP08IDx%2BKZ9MfhVJKlC4HBMfsLzB0uIlfo%2Bzfd13Np8ltwgdO38qnrJ%2BqueKVRUSvnFeyaR1QPxwx3%2FmNswHX9bIjWFQIgwwUVoPGDEyN4%2F6zFIOEwPBFNRxg0pc6uyA8qujH3Bwm74YydkS2ahJkbGTdYJEcHJdTdIVbxZQ1QURS1imQ%2FTLERE%2FtEFN064Z1q3zyRy%2B1PvylpAmJpoCMrtcTuxjtONKlcd2gVxGSCNQuRoxfHnsNXgwH0fwrPOudafwFZuiZVGn2wK3N0%3D%7Ctkp%3ABk9SR-jL5qL0ZA
aa078 麦わら帽子 クルーワンピース一番くじファイルフォルダ ナミロビン 12インチ x 9,N/A,真新しい新品,発送元 米国,"＋送料2,844 円",1497 円,N/A,https://www.ebay.com/itm/146212237724?_skw=Ichiban+Kuji&itmmeta=01JEH2SMQEDWWJEEWXZ2YJ0VHF&hash=item220aedb19c:g:EPoAAOSwwU9nQB5n&itmprp=enc%3AAQAJAAAA0HoV3kP08IDx%2BKZ9MfhVJKmiWPVrBPBgb8jevqPm0vhn0awH24ZwSx8kMCqHHQdq5UE6JtIqEaHdlHgvpell%2ByMUD6sJz1GaZJpTCrwTcso2Q4lxtG184JAMcXXDb1AfJOkAJWztIFnELm7aek2071KDKpwKK%2BfqVVxJ03fX17Z11Mc5S%2FIBWrVKYQwfhnamfXQwVS59LOL9yZtVsHHMo%2FQD6NXqSnnaOXG6Mvn8AlQjSbjZ9nHTeddL9pW75yCRHL2P2bTUMpAQxpZIbeVDUZY%3D%7Ctkp%3ABk9SR-jL5qL0ZA
Ichiban Kuji Godzilla x Kong 新帝国 F モンスターマグネット ゴジラ 1984,N/A,中古品,発送元 日本,送料無料,2805 円,N/A,https://www.ebay.com/itm/286169255105?_skw=Ichiban+Kuji&itmmeta=01JEH2SMQE3FC84PSFPVBYKACT&hash=item42a1044cc1:g:KqAAAOSw5glnFfmQ&itmprp=enc%3AAQAJAAAA0HoV3kP08IDx%2BKZ9MfhVJKnlyVdRSJLVaDjioMTajjUpu%2B%2B2cFndWbi49TSUz%2B9T1O2r4FbK1FkWHXoCEj5pH1cSTLz6%2BIlthOUVu0lB2wBrorZ%2FzpFIr80Z7wYSVt82BsCrmsdTjzBPl%2FAv%2BUTJNjAAeZp8OFRWs6IGoKEDAMdvAKZOcZE8LlyzyXCKlvlVb8FMiRleAKQbPtOS7aD9cLCMNdb3ug8PjuVYLWJVv7lgHQ32TdWBY52o80zmpLPO9IhEay7DAAnhTnyLBhGVn%2Fo%3D%7Ctkp%3ABk9SR-jL5qL0ZA
一番上くじ 坂田銀時 レイヤー スケープ フィギュア 賞 ジンタマ バンダイ 日本,N/A,真新しい新品,発送元 米国,"＋送料9,729 円",8249 円,N/A,https://www.ebay.com/itm/226361282503?_skw=Ichiban+Kuji&epid=9068190472&itmmeta=01JEH2SMQE6HBYM1VRPK6ZYTCS&hash=item34b42f0fc7:g:HOsAAOSwaxZm7NzE&itmprp=enc%3AAQAJAAAA0HoV3kP08IDx%2BKZ9MfhVJKl4lQVXJmEr7BDOfjxUSyWpzOmnxh8KQ%2FJtp42jVIvMCQzPEp90jeg0XDa%2FkJpqjnrTzU9xPpP1rYm4eWLe2W%2BIdRg%2FsMpvV1FTipjyLQj0%2F8DMkFPwUiC%2FdaTgQeuHNBmMfqfoo%2BaL%2FfF77W48fWWO1ybgfmDFQ8sGq5BVry2tUdBg83SxrEopFyfavkArtcHljV%2FoCqi4UObB31qVTD9Y%2FPASdS8ZNkh%2FZ2ydNay1z3jSc8eNOM9tigwl2V1gvAg%3D%7Ctkp%3ABk9SR-jL5qL0ZA
K-on! 中野梓 プレミアムデスデビルフィギュア 一番くじ賞 ブラックカワイイ,N/A,中古品,発送元 日本,送料無料,7133 円,N/A,https://www.ebay.com/itm/286036370609?_skw=Ichiban+Kuji&itmmeta=01JEH2SMQEF8SSNGPSKNNNVBPC&hash=item429918a4b1:g:BjEAAOSwNSxm0Xci&itmprp=enc%3AAQAJAAAA0HoV3kP08IDx%2BKZ9MfhVJKmUhCWtqZAN2lrNB4UFXIdlCb6QwECpRh8DrPK%2BpyD8EvS9zCY3lTPxncSI9pfPbRmNPmgW2uCzWhP3Kh%2BDbEsf0%2FfdTKX%2F0xuvhI5HElhBCwak8GKuOiKCcojCDdRBHH9AAblDtW9vOW0KiiJ23jVPm5BVY2TIbrvcSM68PjDRoNwnOabRdwtvseGzV5cGP9zIY6WurOik39cR3FqqOrb%2FqVzuF4rtn%2BMcgwmQ%2B0NHUE7oWT%2FWalSJz5Rt5LJHJMM%3D%7Ctkp%3ABk9SR-jL5qL0ZA
Ichiban Kuji KINGDOM HEARTS Linking Hearts F プライズデザイン タンブラー 5 個セット 新品,N/A,真新しい新品,発送元 日本,"＋送料1,500 円",4007 円,N/A,https://www.ebay.com/itm/375459110825?_skw=Ichiban+Kuji&itmmeta=01JEH2SMQE59DXA7TY1PJWFD76&hash=item576b1b5fa9:g:NZQAAOSw~shmWRTM&itmprp=enc%3AAQAJAAAA8HoV3kP08IDx%2BKZ9MfhVJKkDdDzNxWEXUTV00KKSCKTpLCZs46bT0z5AHn3YylZzISzSmmNkaWZUIr%2FmJvknFNysrTSgE8Szf4GyLcBuPY0y7p8YKN%2FlZr1wqMNc8XIdq3rE8CwWmptBLUNKXj1yONKCEPXPKd%2FJhWyKnD%2BdzoIuuLROgP86m6%2F4bGIVCB36zWP4d1gOQiB7AXqknA1WAKTN6KBIh%2BbJ3smiFHu9ciZArE9EGe3r3jHudx3MAzxUZn2Q4Vv6UnOKfKScgfI72blAmJayLdBlcRojHjfnZTDHfcfFZIJjSBjWS9Lvgfy0Og%3D%3D%7Ctkp%3ABk9SR-jL5qL0ZA
一番くじワンピース EX 四国の慶喜 D賞 ライオンソングマグ ゾロ新日本,N/A,真新しい新品,発送元 日本,"＋送料1,500 円",6276 円,N/A,https://www.ebay.com/itm/375436071463?_skw=Ichiban+Kuji&itmmeta=01JEH2SMQE24HBH0Z6PBY524QP&hash=item5769bbd227:g:XDEAAOSwdaVmSBV8&itmprp=enc%3AAQAJAAAA8HoV3kP08IDx%2BKZ9MfhVJKkGSyX7PZWcSKftQ73QRnjrKhLkO5yc0mlQ%2BOqAEZuwjFSAYLEmjDNWnb2hfyAze0o%2B4Rh3AiQzacQxGbl5WrGpO3LSgMQp%2BRRhIlv12ybzFAgtfMgZiafQFDSjj9DzzkbRURDejeJ5rULXsO7Di%2BjfBmbEdn66szTzB5waPt1Oj895MEtMEel2MzdMDOa1QgmfhkK6pjVM0sT%2Fb9CllkSygxSYe0cBtQvtz6KyOK4bBPDunB1keInbE5GrG6Emf1pIhsstUfrToHherNXc2R9ji0rpq9vKq3WhAJ35UZ5ajg%3D%3D%7Ctkp%3ABk9SR-jL5qL0ZA
Pikmin ichiban kuji acrylic light A prize,N/A,真新しい新品,発送元 オーストラリア,"＋送料2,397 円",6711 円,N/A,https://www.ebay.com/itm/266444219164?_skw=Ichiban+Kuji&itmmeta=01JEH2SMQE5TRRGJ5PYQBR50KV&hash=item3e0950231c:g:lq0AAOSw68llIQ2T&itmprp=enc%3AAQAJAAAA0HoV3kP08IDx%2BKZ9MfhVJKmlHZTa4z6M9eY9tDae4ZbDFADg7vR9TwzyTpQi01%2FAQDnGrupBkUnGbFYtbwSrbnxYCUDG%2BIFz5FFJ3GX1GZ62kaQn9xC54j3klw2ZLTSVrZfi2AhO8Rdpxim6W8L7R1PMeSkiawInaCYIKINaty541ywHRc63gi%2Fy2R9GChF9Ly%2B2bnd4Z0XerA8fYTxN8o5oBfQ3WosxRPmLSJOoGl%2FZGWaPOg45CFL%2B9fRfuAEydlgMWv9A2CINod%2FZ0bEM9T8%3D%7Ctkp%3ABk9SR-jL5qL0ZA
ワンピース モンキーDドラゴン 一番くじ 革命の炎賞 フィギュア 新品,N/A,N/A,発送元 米国,"＋送料10,320 円",6000 円,N/A,https://www.ebay.com/itm/266923286512?_skw=Ichiban+Kuji&itmmeta=01JEH2SMQER54A6BTQPK4G911G&hash=item3e25de1ff0:g:BcYAAOSwuhlmpDAU&itmprp=enc%3AAQAJAAAA0HoV3kP08IDx%2BKZ9MfhVJKkGXwnH8BDLN9kMXaKdKcvDd8%2FVtSbpNjFd8E4ap18Pf8PgoNScWegtvj8NCrloBfhK96lmno1AFHeyj%2FFZ%2FNmLKOaFVgicMjz5V4qAoHLOMw9TZSJ2B%2B5iV%2FOV%2BPyRcf29LnBPRkcduZtyRD5K4MYwP8WkhvoL2cu%2BvY8zlVJc5uuesfkisEFv7X8qCH2tfdRsoCgUNRTqDVoHmx0FI5FEm%2FMIheKzrKebyKF5tWBbLVDxzq38gquiVdOz4A0GXXU%3D%7Ctkp%3ABk9SR-rL5qL0ZA
一番くじ ディズニーキングダムハーツ セカンドメモリーソラ&ロクサス フィギュアスタチュー,N/A,中古品,発送元 日本,送料無料,8700 円,N/A,https://www.ebay.com/itm/146104014976?_skw=Ichiban+Kuji&itmmeta=01JEH2SMQE087H6B1B1K24FJZK&hash=item22047a5880:g:OGsAAOSweARnDl3l&itmprp=enc%3AAQAJAAAA0HoV3kP08IDx%2BKZ9MfhVJKmBK9elEjBx7lvhlv6JsHGGty6knBEzgzQ%2BFP8AEBSMu4ugl7DJPuWRu%2B682nSCYojhPNQl6kvfHdK8xN5dCsI9P%2FHvm4XbXN4Y1VYLzof3WAfLqzcmrmOYwbZF%2B90fZ9XlbZ0aIOQ32lJAHrBM7%2BbLn6%2FNTvQCAyYcjG7YmPVqEAYQLTGT2XehScSDu8ELVuD%2FrOI9ZSXCZzc%2BBKAUZ7vdxTWE%2BgL9BtKhl1efovGX13g3cbF0D0LAj0py1JAgnwI%3D%7Ctkp%3ABk9SR-rL5qL0ZA
一番くじ ポケモン ファンタジークローゼット賞 新ローレットぬいぐるみ タグ付き新品 D,N/A,中古品,発送元 米国,"＋送料8,750 円",2699 円,N/A,https://www.ebay.com/itm/175905129287?_skw=Ichiban+Kuji&itmmeta=01JEH2SMQFRBAXJ9FGAAYM4E7E&hash=item28f4c34347:g:GFUAAOSwT45lBivK&itmprp=enc%3AAQAJAAAA0HoV3kP08IDx%2BKZ9MfhVJKmU8wRSx6Xo2N9fXvMrVGObR3PON2kQrKc0ga6FUUw8kHtifPVC7ImEh1rmnGGf49RDUHMphBvM96DurtTjvuST2o6HxBIH64jJNchVR6HsgY9u1mV7NpwHc6sqDW7z%2FrPDKbVoXMIkcWRXyJa8WM04SbGCe3vb4auz0MNR5xhBJIOXVCdabodGt7ZAQCq6lnFbv%2FyCK4rqjwVHujo4%2BbGC8occrYM2yIQAbfVW0vSWKz00MA40IZOcJ6y82X5E7tk%3D%7Ctkp%3ABk9SR-rL5qL0ZA
トレーディングフィギュア ダビチョコノッコ 一番寺 僕のヒーローアカデミアファイトオンG賞,N/A,真新しい新品,発送元 米国,"＋送料2,313 円",3750 円,N/A,https://www.ebay.com/itm/167049626995?_skw=Ichiban+Kuji&itmmeta=01JEH2SMQFF7V4GQ5QBPDXEJSS&hash=item26e4ef0573:g:eDEAAOSwx5tnHqyn&itmprp=enc%3AAQAJAAAA0HoV3kP08IDx%2BKZ9MfhVJKntWaA884BEokv8%2BzqB3OeOq4FmQZQ6A1tks%2FAZOGN8I21ckte2cj0HmWaC25B2%2B1CBseFw2Fig5jkuSuL%2Bqw5H9yz%2BIMhqzREBfn%2FtUy%2FDJSAeDHNhluZnOXA7fUNNWbKy0%2BDHOmjmjboTyewoPgI2ENNVbTOeHjzLwifyRWEjX7ZQ1liwFxJA1OgDmp3R2kU8JgZVbauuCATUce9YddV2EU87JPsKtZ%2BW%2BeB4I%2Fk6tOI%2FB8IpdJfmfn4z%2Blliw78%3D%7Ctkp%3ABk9SR-rL5qL0ZA
スーパーマスタースターズ ジオラマ SMSD悟空02「ブラシII」一番くじ日本Ver.,N/A,中古品,発送元 米国,"＋送料9,660 円",6150 円,N/A,https://www.ebay.com/itm/176710946889?_skw=Ichiban+Kuji&itmmeta=01JEH2SMQFX283T0DPWP1BRTHC&hash=item2924cb1049:g:mY4AAOSwQS5nSl4d&itmprp=enc%3AAQAJAAAA8HoV3kP08IDx%2BKZ9MfhVJKkN6bx6CDyOdcKTz7BRItgaso7dmPhBQh0rNmzs1L9lVw6FPF6uEBDWtqGsDpr%2FowqWKAaLlXNcQDfAzB4E%2BFXb3JQG2hKW4ZJ0srPAhFpdqtqLw9zd4mVMH3vnQRbLezwkdU4%2BGmhw8SVEhRXqgZSpXsgbDNIEPGuLNjkslmy7RsJhxVh5PDefXRWwp1PSWz2SemwaIAVXUTeO0EuaoguKAoT%2FmY37SOrSG6r1oLU3M7wfiveFymFGSJPUxLXNZgkKC0%2BBc6UkjRr4Ne4JFPjyHsEtqOrh0vLD0wR2vytXTA%3D%3D%7Ctkp%3ABk9SR-rL5qL0ZA
スーパーマスター スターズ ジオラマ SMSD悟空01 「ブラシ」一番くじ 日本版,N/A,中古品,発送元 米国,"＋送料9,636 円",5400 円,N/A,https://www.ebay.com/itm/176710942969?_skw=Ichiban+Kuji&itmmeta=01JEH2SMQFJHHPGNYN639D0TVY&hash=item2924cb00f9:g:WWEAAOSwT~BnSlzR&itmprp=enc%3AAQAJAAAA0HoV3kP08IDx%2BKZ9MfhVJKkQ3nZPNL0f9PNGNgq4SyWrC5jLxVSoBdusjgcHm6KcwDiiStoEp5MUIWn5bNxUPgs6lmiOZ2Bl9YCFQOfj2Prg%2BMiZx6a2KO6OB9vxseQ6zI54T759QszXgSthLdy4%2FvHw%2Fruh631EZIt%2B64IJALqYW7JBJ7riJTIiwzJR5lIsYWHCLlK%2B7QWXut2wQWrMJuZRHSDPNOIv2EUXrssGsV9r%2ByvOdLeqGtm7k9NEBTktUc7J894diJljQUy6d%2Fz3m1A%3D%7Ctkp%3ABk9SR-rL5qL0ZA
ハンター ハンター キルア フィギュア B 一番くじ 出発日 マスターライズ 新品,N/A,真新しい新品,発送元 日本,送料無料,11459 円,N/A,https://www.ebay.com/itm/145669701224?_skw=Ichiban+Kuji&itmmeta=01JEH2SMQFD8ZPKQFC2Z2DT1R2&hash=item21ea973e68:g:6BYAAOSw7lll9jXY&itmprp=enc%3AAQAJAAAA0HoV3kP08IDx%2BKZ9MfhVJKnxyQJ71nHRivaMTPLcCyWxb7yfsSxzXuYX9N%2BBHeJV6%2Bq%2BrYZ0Pc8diFu1WcBdwFViuAvYrGKYAIxoeatMqiGigd4bCuHgGxb3GK5LY2fzWNeMJi%2FO282NKFFg3lVW32i5kcZRHL4cXIZRWnRTI3gjG64T8rxVZt9k3M%2B59V7PzWXi8j0Fyo79kO8rYf3dDNq%2FVe4xGJpEk%2B8%2BxVX477DRlbFSEOVcicthQJDnkr9EBh%2Fy7s40ZhGKhCbhqGFRK%2Fo%3D%7Ctkp%3ABk9SR-rL5qL0ZA
一番くじ ドラゴンボール 大島B賞 ベジータ(ミニ)・ブルマ(ミニ) フィギュア 1DAY,N/A,真新しい新品,発送元 日本,"＋送料1,500 円",5549 円,N/A,https://www.ebay.com/itm/335696957969?_skw=Ichiban+Kuji&itmmeta=01JEH2SMQFS2W8V2WHXPBF6DPY&hash=item4e29191211:g:YBMAAOSwlKRnSRS6&itmprp=enc%3AAQAJAAAA8HoV3kP08IDx%2BKZ9MfhVJKlCJQMzbpkAt5bfh4HyB23L2inhn9jfMg71%2FecFhe0pFZr82xk5XFPgJYAI8%2FWVnTIaIlwB0LNHUD8Kn3DJBP10ZAFuaMalP7gA%2FypVEMFCQa4tOxm8G9pJHue8XM6E7D3sjmwQN8hQz%2Fv3ChR044a2GJ7soxm1L6gbdo2qwcN3kJS2I8hiDub6QGTOuP7qeMfS3KD4DEOyx4mlu%2BW31dxrYVXsvj4Fh0FGrgM%2BuegnDqMabH0JqD697tyRt8Nz0clF9wg%2BGH6FaV1U9wCtn2mDJsmH4AFTv3n2Bo%2FRcDPaXg%3D%3D%7Ctkp%3ABk9SR-rL5qL0ZA
Re:Zero - Rem - ~Hello Ama Happy Life!~ (C Prize) - Ichiban Kuji,N/A,中古品,発送元 オーストラリア,"＋送料4,793 円",9587 円,N/A,https://www.ebay.com/itm/204234048242?_skw=Ichiban+Kuji&itmmeta=01JEH2SMQFEKQ0EW47933BABJF&hash=item2f8d4c42f2:g:4YoAAOSwYQ9j3wI0&itmprp=enc%3AAQAJAAAA0HoV3kP08IDx%2BKZ9MfhVJKlzdFtsl5LDKJwD67VA%2F0t3JcsK%2B%2BOHh7hYUXlLaTMHnJs1qbhosvVCmESubO5y99Zy%2BzLu%2Fa9t4XY3NC70ZKgsW83Hj7ILYI6D7yKELrCTZTnjZINTaENbnUv9f0AGox3XfPsDM8V9AIgvTzY0fGl4SGilZQOhpmlqgFJ%2Byfysy1f%2FAlyjEQIZHc4GgeHPLnZ%2FVO1TxY7CbuhRhE4Excq%2B6YtdHrN06GVrxOe%2BZeGaIU7PKF7IP2ZUmT9KknpHwjQ%3D%7Ctkp%3ABk9SR-rL5qL0ZA
新規出品僕のヒーローアカデミア 京花次郎 一番くじ 次世代! 2 E プライズ英国セラー,N/A,真新しい新品,発送元 英国,"＋見積り送料 4,758 円",7644 円,N/A,https://www.ebay.com/itm/296863188139?_skw=Ichiban+Kuji&itmmeta=01JEH2SMQFJ3S2YZYDB41DDP7X&hash=item451e6cc4ab:g:bdcAAOSw-51nU0Ni&itmprp=enc%3AAQAJAAAA8HoV3kP08IDx%2BKZ9MfhVJKlMyXEVZ2d4%2F5evyyxvKxhBic1JzzdvbUcZnHOkGYosa7oHLANlCGc6Y2VBqa8Cb2lrn%2B0GegXfriyJHU5XzQBEeFqmI%2Bw2y6YU4Lz9uV6QscbRY1sn1FdDNbZb9O2ECVmc%2Fje0t%2FM%2BYbCs07gYdgdVhvi7dl8bi6G5rq3X3VZa%2F56KCwz8RGE8mwgiVOsISQdVQfq8hSOWBihOA5a6216oJD2MKEHB7OSVEvYcu68iWMVnvTPJsBAVBwa2BwwKdCpHptPac9pDIzWO6hXe1LiQSK0vZIMmYhOduAGI%2BWhUbQ%3D%3D%7Ctkp%3ABk9SR-zL5qL0ZA
いちばんくじ 遊戯王 ブラックマジシャンガール メタリック式子 日本,N/A,中古品,発送元 日本,配送の指定なし,3374 円,N/A,https://www.ebay.com/itm/286156975464?_skw=Ichiban+Kuji&itmmeta=01JEH2SMQFMW2B3D2D57J9ASNR&hash=item42a048ed68:g:JrcAAOSwQFRnMYZ~&itmprp=enc%3AAQAJAAAA8HoV3kP08IDx%2BKZ9MfhVJKlePuwwbdLDW8A1M3L86xhi%2BfKPEX6QJDfyNF4R1EjJgE4Ro8cawSm%2FdlE983nUQjpA39nGiwiNoC%2FQ08X7PgsJJitvh1TaKcBDl4fMRpw1uZD2Fn26Q8q998U%2F7wvIUBvpzJFLVczaYatVxP9uouBD4kY%2Bkw%2BeknYxSo8R3aXBAUtAsZ2zXaLDHNrr2zY%2BZNKtIZZjtAO%2F9YNg4El3RmWeWr0%2BqixCGM62IxyQ6%2BIpXRmQ%2BNqgnSbxpVlGqu1S5DVJuzjX1k01rGyQgIOtfNUEWKO47gMIRUtzEhpOxUENhw%3D%3D%7Ctkp%3ABk9SR-zL5qL0ZA
一番くじワンピース ビヨンドユースタスキッドレベル賞 Cフィギュア,N/A,真新しい新品,発送元 日本,送料無料,7800 円,N/A,https://www.ebay.com/itm/146038609872?_skw=Ichiban+Kuji&itmmeta=01JEH2SMQFT1B7FW7Y44HZXYW2&hash=item22009457d0:g:kRQAAOSwmXVm7Eki&itmprp=enc%3AAQAJAAAA0HoV3kP08IDx%2BKZ9MfhVJKmojfWWnd7%2FBfTEN%2FI2%2F%2BTtoWIj2vb5GKFWP87Of%2FVla6MoakC73c7kG1rvTrE3HH4KrwvCVZjmNsdrQcOVGJeFyA8JBqjXPmcEACsQ0xZCqBMfuO7%2FDYiSP2xUnjl%2FzDgrnEadvQlDIrKiPHyXUnAnfnbbBmWIWp9kDohQJNVY49sXu7mhq11QwddFQ5xAx%2FCgsyfoEaNoMICCbyC7tPW%2FWkeMlgviMNg5aW9ot%2FA8lvq0jmMNrzmBnH0vJ%2Ff9bmE%3D%7Ctkp%3ABk9SR-zL5qL0ZA
F218 Law Doflamingo Corazon Shikishi 和ワンピース 一番くじ 密封,N/A,真新しい新品,発送元 米国,"＋送料2,849 円",1647 円,N/A,https://www.ebay.com/itm/145944820619?_skw=Ichiban+Kuji&itmmeta=01JEH2SMQFKVQWHT91GN7AGA8S&hash=item21fafd3b8b:g:Z0oAAOSwMaZmuHZW&itmprp=enc%3AAQAJAAAA0HoV3kP08IDx%2BKZ9MfhVJKkssWWcg9ZbVWN9NvcRsuUF2by7W1NOhtZwCJWqbgjv2n47jJR%2BqCVLlXt%2FiAoa%2FMDV9rxChEvLFJxn8vugrK4ABDSUpBsSnJ9nBu%2B8ksPr2Zv2eYrazjSwLIMWL4BUD8Cs91KGl4cmAJ4MpZC5wsqyzD%2B6yysAblzoeoMz8XN2JF68Y4mIjsQOy1mzRw7LFfMf6KwwSidbuDMYa3DLAOmlceEvm7SB3lwMAXQiTDwBq64TLIoN7fRVZWcfwkjBcqg%3D%7Ctkp%3ABk9SR-zL5qL0ZA
一番くじソードアート・オンライン映画 -オリジナルスケール- ラバーストラップ ユナ&エイジ,N/A,真新しい新品,発送元 日本,送料無料,900 円,N/A,https://www.ebay.com/itm/354476265078?_skw=Ichiban+Kuji&itmmeta=01JEH2SMQFJ80CK4ANY6T39HT3&hash=item52886e8e76:g:7EAAAOSw3Nhjp9nM&itmprp=enc%3AAQAJAAAA8HoV3kP08IDx%2BKZ9MfhVJKlkQXTK4oXmpNXKs9P1pGF5wWuWFemffWX7nBhSC4voMfSBOHxmMtCI2BI4Xd5l3LpZNUtQpBxaXROCCwORgu%2BFlEoGiREtEHM%2FeN1COT1%2BONXGNqJ91JjOAp2KnvIoVJusMtF9Et%2Bl3yx%2FZuNpSTRTkoy2TcbH5wybB7ryyYbUfkefsUBDXXCvH%2FJwoKIj9G70r17%2FzSmnzTcrvfPk06O2mG3lIBfblxy7qF%2FKgRgxO2Sdmz4PAxiuWNU00FK17fzZnx9dmibq2HBLFBQ3iqqtGGutLMaApxMSS6d1de1IZg%3D%3D%7Ctkp%3ABk9SR-zL5qL0ZA
ドラゴンボールVSオムニバススーパーシェンロンフィギュアラストワンアワードシェンロン一番くじ,N/A,真新しい新品,発送元 中国,国際配送無料,28499 円,N/A,https://www.ebay.com/itm/375614544114?_skw=Ichiban+Kuji&itmmeta=01JEH2SMQFQTT6ZJXYHXDHAW9A&hash=item57745f18f2:g:fb0AAOSwpeZhtuYb&itmprp=enc%3AAQAJAAAA0HoV3kP08IDx%2BKZ9MfhVJKlP4MoqJRHPqMpss%2FTHgKx%2BLaXpfZpUdYsXNPtnZBthdcXM%2FQ%2FNc13WAR%2B8ivHCBVqE0pIA7frVno4%2BVyhjcqHCSIBepGAs0RiCXAQAgoyowzo9GO5%2B--6Tpbt%2BTZ6s43%2FAwGLpe9AwDT%2BaS6cqkTKM3o%2B9oxxDj%2F8vAH4Gq6qvarfNWaUPGzh81yyq4%2FWMi4OyfWyDGpvXScAmXicg2h%2F%2BiwkItzORH%2F4Ex1DImNRPflxcrWZMM3miBZYbqK1lWwk%3D%7Ctkp%3ABk9SR-zL5qL0ZA
僕のヒーローアカデミア レディナガン・マスターリーズ一番くじBフィギュア(B/1),N/A,真新しい新品,発送元 英国,"＋見積り送料 4,829 円",8793 円,N/A,https://www.ebay.com/itm/186824345560?_skw=Ichiban+Kuji&itmmeta=01JEH2SMQF90S2QAG1XPXVNEAJ&hash=item2b7f9947d8:g:7L0AAOSw1MVnULia&itmprp=enc%3AAQAJAAAA0HoV3kP08IDx%2BKZ9MfhVJKmGLcZSdyW%2FLdCWUaF4mI%2F3LnWjXnhGiD252Tp81NwQApP%2BExOc%2BJ%2BsBGeTuUGwUIAXul%2BaoDnpZKFwW6mFgroEz%2FueXeo7lxRiZpOrET39VgnjX9kvvUiwmGW4WWNqqhZycOOpmcO3Eg1iaI%2FNFdJWSSUTUXfVmjiUtgA6lM7VqPrcyJDMeR8B0GMukq4SCv5NYqQ%2FRWl7PrujiMG5AmeKr%2BOmM9iH%2Bbg0k3MS4tgM8bNG1UT82qPq6sVcxPPIh38%3D%7Ctkp%3ABk9SR-zL5qL0ZA
K-ON! 中野あずさ・平沢ういさくらこうキュンキャラSPフィギュア バンプレストアニメ,N/A,真新しい新品,発送元 英国,"＋送料3,823 円",3059 円,N/A,https://www.ebay.com/itm/405391141973?_skw=Ichiban+Kuji&itmmeta=01JEH2SMQFVD2DAH24RWW7Q0SN&hash=item5e6331ec55:g:cikAAOSw4xtiAYty&itmprp=enc%3AAQAJAAAA8HoV3kP08IDx%2BKZ9MfhVJKnYssBL7g9CX3EafBPoUtvWEvo3CcmSPCeLfmvHdu%2BpwlYjyy7gAh%2FKOaziHq98j7DcLLmHCuFzJivgbRekEQGpDxK7ZVpHp1oa7UGEj4Dbp7EcR5yOYiu2ul2HaIJRaGPiVUpEHOTJmFLTXrUbXq0d3yMOa1E3YlUBS6kAZsaqfkyM1VHZ4J71qgMAKArtAzxIUr82akZioIR9gVaJhckCF%2F5l1jhtQs2x0CfrU03pxIluxIkaPRFWVFOSk8alSIyxGf0xq8Tk%2BSh%2FtJ8fDa0Y5OtnTA3NF4XxUiGczbPJOw%3D%3D%7Ctkp%3ABk9SR-zL5qL0ZA
クインテッセンシャル・クインタプレット 中野ミク ラバーストラップ 一番くじ,N/A,真新しい新品,発送元 英国,"＋見積り送料 3,428 円",1338 円,N/A,https://www.ebay.com/itm/286064830398?_skw=Ichiban+Kuji&itmmeta=01JEH2SMQFMQ5V0S1G00D6Q7N3&hash=item429acae7be:g:6EcAAOSwbhdm6XB0&itmprp=enc%3AAQAJAAAA8HoV3kP08IDx%2BKZ9MfhVJKkcEn9SmTGNR3Ea3TzFbfTAomyebKYeJo6aYAVF2Ck0104CP%2FOkfx8AA1V00s%2FBc2PrLZdek2%2B9ukAfZti6aS2U1%2F6xWY3Lpv8NBht4xUHEQ%2BxHDBzz2ZO09DS1c2Kr1RVcFJY7isMFjtJPnkdRebShQ4cphV8okYM7dPd1OoItHe8QYRNqRapOUHgippb9XJ2uVWNy5y2wzXFVJMJ5w0bLh5MGzWNt3H28boneSIkjHSIyUdGlOidDBfkleJxVeXT6jwG7LYhH%2FcyCvLL%2FPDCZfXb1oWZDdvH9L9R2o9PLhQ%3D%3D%7Ctkp%3ABk9SR-7L5qL0ZA
新規出品バンダイ 一番くじ ドラゴンボール スーパーマスターリーズ 悟空とゴハン フィギュア 本物,N/A,中古品,発送元 米国,"＋送料10,731 円",6150 円,N/A,https://www.ebay.com/itm/205149705588?_skw=Ichiban+Kuji&itmmeta=01JEH2SMQFJ3F0AJXSZZ9WFRHB&hash=item2fc3e01574:g:WXUAAOSwU3BnU0x4&itmprp=enc%3AAQAJAAAA8HoV3kP08IDx%2BKZ9MfhVJKlzE2dt5jxS1HNulkBn7i2SANspryNtKYaqUkIflCukeGG5VAl9cHlBRXNA%2Bor9ddZl4P9JtEO%2FkGCd%2Ffsy9aLuWPSXVf1xjS1A7cEKVh08CsjABpg%2BL%2BNs8vhDp9MrtZ51nzFg15%2BEm2nKZCsDh2YV3YGRzD8rsOc6ZKE7BGU1fl3ToFgI3A0JeLT91FjwZFBHVt4v4mihsqXOoardojcYEFr%2Fis3GIUAhz2jfiWzPUgwzoOZgXwYntV%2Fz7utQL34w3T59MIWdHEIe6uhwFujC8OXROzNyzx05afodkAySdg%3D%3D%7Ctkp%3ABk9SR-7L5qL0ZA
OPEN ツイストワンダーランド 一番くじ ハートラビー ビジュアルタオル リドル トレイデュース,N/A,真新しい新品,発送元 米国,"＋送料3,206 円",960 円,N/A,https://www.ebay.com/itm/135310984856?_skw=Ichiban+Kuji&itmmeta=01JEH2SMQF52AQ3XRX8JZHWR7R&hash=item1f8129c698:g:s8sAAOSwaZBnFF1t&itmprp=enc%3AAQAJAAAA8HoV3kP08IDx%2BKZ9MfhVJKmq%2BCKa31EZxoMwEsuqE%2B5qU9%2BTOZD%2FLXrnM7edVcB5C%2BLHzXfl%2B6WcoAvrcVJJzs6PWwOEztjONDnZb09c57buNwRx4cPIFzazU6bGhz8CK9G29z63Vaf562QGJZGoTFQnoKu4npzoqAOKjjfsklqCZWQny3inqP1iTqxaCP%2FsOcj%2BGcMF%2B%2BSH7afUqIo0mqRIYnAQnyeW108wgqK3X6DgITpiPVOqb59ZXWJGWX8fwdD5pkfVrwrfiBPdnWfKQ6xYiUlfA1oUNlcXzsW23EQcwytYYDv3MkbzClYpy8X6NA%3D%3D%7Ctkp%3ABk9SR-7L5qL0ZA
バンプレスト ワンピースヤングエース&サボ&ルフィ3インチ一番くじフィギュア 日本輸入,N/A,真新しい新品,発送元 米国,"＋送料2,447 円",8249 円,N/A,https://www.ebay.com/itm/276530490254?_skw=Ichiban+Kuji&itmmeta=01JEH2SMQFHGM5BM86TNN6K6DP&hash=item4062806b8e:g:s6cAAOSw3uJmgFpG&itmprp=enc%3AAQAJAAAA0HoV3kP08IDx%2BKZ9MfhVJKm%2FaUXxUdydvRrqcE4qQIgGXyuiQ37OTFXBhtlBdZruD4wpAD%2FA5pxnEnIkr5hSagyYvF5cR%2FU6hHWvXbEGbXCp%2FUd66cUPWLWzqg%2FfdVhIwKVIkBWuO7q2uw6w0TKDkusk%2BXFmbNoRnKXC1sGg0TIEZFCbgzHe1qRLBkXSf4SqTEjcdOfmzvBbwdcIP%2BVj7tlSDL9VTy0gfPcqLooZgGLKN%2BvMfAM6EEaYBylh15ld0c%2B9eM3o8B3eZVCE4yg8YM4%3D%7Ctkp%3ABk9SR-7L5qL0ZA
Ichiban Kuji Kirby of the Stars Prize ラストワン 2WAY バックパック,N/A,真新しい新品,発送元 日本,送料無料,9450 円,N/A,https://www.ebay.com/itm/395387679847?_skw=Ichiban+Kuji&itmmeta=01JEH2SMQFVJSS82ADYJMZS94G&hash=item5c0ef13467:g:-wkAAOSwN21mORRv&itmprp=enc%3AAQAJAAAA0HoV3kP08IDx%2BKZ9MfhVJKmZ9aa5XZaSEGB6ADGwbN9f0v4UyvpOiO6FhwfFlCk4uwAqm%2FcZSxk%2BNygJfj8LrFm9Lj1PvNQiam2io4ciSasdEKtpbccM4hx5FmMRonb%2BaAWOLcs3gjmSrLOuV%2FXinjz70Xoh8snoT8GeY7474ZxnD8zxG7IQHfgruA21yNrVbXi6RHuGLN1pgZD4BLmsrCsLPvPE9Cj%2FTCGPGuPyDNQPR5YlV4M4XHEk3N3pVPp8s%2BwM0At9j0fO6LFZKc4sPJI%3D%7Ctkp%3ABk9SR-7L5qL0ZA
一番くじ キングダムハーツ リンクハーツ SORA フィギュア賞 A 像,N/A,真新しい新品,発送元 日本,送料無料,20700 円,N/A,https://www.ebay.com/itm/146015152998?_skw=Ichiban+Kuji&epid=15067940150&itmmeta=01JEH2SMQFZYF18KF2EB6WSV4E&hash=item21ff2e6b66:g:t00AAOSwEvdm4Bth&itmprp=enc%3AAQAJAAAA0HoV3kP08IDx%2BKZ9MfhVJKnMHIu4%2BLySJU9yeLDZXgCUYZWLTQML36tS8bWYYMICQITz8MPKXcwkdqiIF2zomLgX2hV6Oev4%2FHDL7XAxraMtmvVmwVpZHXsnuDt43y%2BRE0kIXXde7JFs%2FZPIW7hwzW5dtrpRe4e6blTpQ8vmr3JX0iXBBAJAcmycFu0KNuhrybynj1%2BtiW1hNVHQRbeHID0OToJrAUYHGZD9Xhj9DHXqm0c4%2B%2F31NPohbVUutWt7iEsZAnR%2FoEyltC4n6Ia0g%2Bo%3D%7Ctkp%3ABk9SR-7L5qL0ZA
ジョジョの奇妙な冒険 ナランシアギルガ フィギュア D賞 一番くじ 英国セラー,N/A,真新しい新品,発送元 英国,"＋見積り送料 4,815 円",15291 円,N/A,https://www.ebay.com/itm/305957591850?_skw=Ichiban+Kuji&itmmeta=01JEH2SMQFWQV83GBC0BDFG622&hash=item473c7e5b2a:g:5BYAAOSwuNRnUxLL&itmprp=enc%3AAQAJAAAA8HoV3kP08IDx%2BKZ9MfhVJKlq%2BfUqUrchvkzgQhiHQrJJBpqs2BZxAGJAGW7iZqvObkEFC2PRnF1b5wrKB4ZmZ31%2Fvmjwj5zdmW6NTt90g3XmkNaoffr5A9Ff3APwx9iFTB3WDI1iEp3FxKWf6xaRENqqr1uhgzOlXWa2TSwS4a3knndVVVuK22Yzqv7Y%2BRjVHfGGat68JLponRwbU9uTS9%2BIfE4ZLRrGJlhnqbj2pnoslIeyJ2jzF72Cy%2BqzGniG41Qo8Eh%2FA%2FHMBCb9k0axp4EJSTcVn2cWRtC3OsiePpFTepsdYyB%2FgVfm%2BoIaH3kvUg%3D%3D%7Ctkp%3ABk9SR-7L5qL0ZA
いちばんくじコードギアス バンプレスト 10周年記念 キャンバス ルルーシュ 朱雀 レア,N/A,真新しい新品,発送元 英国,"＋見積り送料 5,402 円",5544 円,N/A,https://www.ebay.com/itm/256542678429?_skw=Ichiban+Kuji&itmmeta=01JEH2SMQFDWVC78FGA32SBNYB&hash=item3bbb229d9d:g:PFAAAOSw0T5maxUE&itmprp=enc%3AAQAJAAAA8HoV3kP08IDx%2BKZ9MfhVJKkO851zC%2BAQpyKKTGPmtU%2Bis1oCjf8Fz3TLdwgPxuxJVYYZCWjlBaYbjaPP1Fm4mYc%2BlqbVSah%2FEaSzw6TfaQctiobpbbaII64x%2Bfh%2FE%2FtqSqEKtmQo6OSQuRnXnmRShRXBvWdJCoEr5v5GqzaqOMl%2BMNV2ZLrscaQfO27tVwendy%2Flf138M1Y8fVwDS%2BIOMdnbvcHcRgInXjCfbZoYQvBpoqM%2Br8R77gfVONjYiM%2FDSYmQ7x9nWPKRDhKe6z6un9%2FhvGPMokjRb0QhOR%2FJwp9OtwDeADbYJWnzdg7EO26mcQ%3D%3D%7Ctkp%3ABk9SR-7L5qL0ZA
機動戦士ガンダムSEED一番くじマイクロファイバーミニタオルクロスオフィシャルA,N/A,真新しい新品,発送元 英国,"＋見積り送料 4,381 円",1527 円,N/A,https://www.ebay.com/itm/166973424417?_skw=Ichiban+Kuji&itmmeta=01JEH2SMQFQBB5B38S32B90T7N&hash=item26e0644321:g:L50AAOSwyT1mzIb3&itmprp=enc%3AAQAJAAAA0HoV3kP08IDx%2BKZ9MfhVJKm0eiWuXobNg8QClST6t8%2B8rwm%2FnFO7--cRTWyASuQygW%2FRD27j%2FlhNh04VB1hwrUgRlNb6uU526XYGiyHJQBBgMBnipqt6wCCfZb5ow8cR48%2BoSKiwpojUBMETHf%2BDeK3cW0y3mzvMSB75s%2FG8N2xuNjyzOiif9hqrsbi2sbiOwnCZTtukloGh%2FO9xhW%2BWucbWpj8TXB7FlzcVJb3FSuMYe1d1qyNAGkdZjx6Ritn3YV6rIJ835Xydx0QBNUd%2FN3I%3D%7Ctkp%3ABk9SR-7L5qL0ZA
BLEACH TYBW 一番くじ賞 バータオル 口木 屏也,N/A,真新しい新品,発送元 英国,"＋見積り送料 4,370 円",1336 円,N/A,https://www.ebay.com/itm/166910932500?_skw=Ichiban+Kuji&itmmeta=01JEH2SMQFP9Q69AP580ETAQ0A&hash=item26dcaab614:g:FpkAAOSwPxllJCyA&itmprp=enc%3AAQAJAAAA0HoV3kP08IDx%2BKZ9MfhVJKkOXE1QPHmnYW4eJb2%2FrVa1LjiiFBhH92yA%2F5ZTZKgF41SfoGgEVH%2B4A4aAibpNKPVf92C9oiIlBYxx8pCqldbiES%2BrtOgOm3dXMmj4D8TBF6hoTZJa5j%2FpsR3K4DwnwP42JPaGOsbPvWOGVSHD%2FrdQXBsbeEZTdUzNjgZEbvmOpowtmhmG8NDQsF%2FYUUw8lxdbpJYOXeB1VIV%2Ffkq0EkHKJ5KrXghS3Hgtox%2FPksxhSseefrSTnGJjbqip2x%2Fc5cI%3D%7Ctkp%3ABk9SR-7L5qL0ZA
ワンピース一番くじ賞G プラスチックドリンクボトル オフィシャル,N/A,真新しい新品,発送元 英国,"＋見積り送料 4,920 円",1912 円,N/A,https://www.ebay.com/itm/387418672567?_skw=Ichiban+Kuji&itmmeta=01JEH2SMQF0K9JKV8X9300A36P&hash=item5a33f3cdb7:g:IcUAAOSwP~dm8xTg&itmprp=enc%3AAQAJAAAA0HoV3kP08IDx%2BKZ9MfhVJKnNhjSKymt81Mm0eh1J6eONICTJ2zU1ECj%2FWP9xyntlHonTZzMT%2B0bDIl0qYk7l2uveRPbcmNCeNRZdyeokg5lsm9FNdrd%2BBK3qDZ4Tya6UvzHlVLKZt2P8d4KV2Wi66BxHoyLjf63Cp960n%2BiqFVc1pX--Ly3oA3UYi3C02BAZO9dVIAppfSHLp7ZtKA3kchlBRkR%2Fxh9zRRYI9rfbYYb63sF0VkHx46fGL%2FvulgB89XxQNfRoCuRdfM%2FF2ib2dm8%3D%7Ctkp%3ABk9SR-7L5qL0ZA
ガーターベルトパンティー付きパンティ&ストッキング一番くじダブルチャンスver. * レア *,N/A,中古品,発送元 タイ,"＋送料1,500 円",149850 円,N/A,https://www.ebay.com/itm/116411684442?_skw=Ichiban+Kuji&itmmeta=01JEH2SMQFANJ39CGKJEC9M5K0&hash=item1b1aad565a:g:iWEAAOSwBP9mjU43&itmprp=enc%3AAQAJAAAA8HoV3kP08IDx%2BKZ9MfhVJKlNd1du7w07oDfNjqLbtkDn9BWQrNHq5fho%2F7z4blbCe2v7SxQAMbIppb7pq0fkvq6%2B6xJLUj9hzUW7AZMrRiI3ZIRjBHN4bdqGXQbP3XwUqz3JIuBeJruUAdgMBVcZ0Pw8I%2FT61GmH7cB5o61nQbH4LiAN1bydxCvROpJVQa6Zcd7601Ztk5gtOTq58Oaklo6LH5ok8pl586F9Pok1nbU9wZydYCSJTjjO7STltGnhVRhyZPOtrpTxkp2AGy5bT0mhu9We90C0g%2BFlIjm8Jd8iU9q1KdvURo4MixDNC%2BbKig%3D%3D%7Ctkp%3ABk9SR_DL5qL0ZA
遊戯王一番くじルビーカーバンクルミニフィギュア賞E,N/A,真新しい新品,発送元 米国,"＋送料2,313 円",3750 円,N/A,https://www.ebay.com/itm/256704452769?_skw=Ichiban+Kuji&itmmeta=01JEH2SMQFJDQ49BCE5XXR4XBJ&hash=item3bc4c718a1:g:v8wAAOSwR8xnKtRx&itmprp=enc%3AAQAJAAAA0HoV3kP08IDx%2BKZ9MfhVJKl1a9juVr3Xk%2BJKwbmQ78vpJ4HRvXTpz8rTC5zgMItToY%2FCejCu%2FBVw1Cp4nHRk4%2BW7Fn0jRtn2qRLqAyrEkmqSiuP0fx%2FW%2FZAKY4NuXeXOsf7EVb%2BVSjfQj%2BrXpbaXYoeOySG7XPkEPG%2F3mjJq6%2B6ScpEs3iYI6gEHEwruysIBGpiFZ7ifz5Dm6QF57aYOtCi8TWMi%2BSQqCRNITE2FiNIUtYQzjZX61upxMJx4di8NMDu%2BzFFwUsEii3oc0CH%2BSFk%3D%7Ctkp%3ABk9SR_DL5qL0ZA
Ichiban Kuji 僕のヒーローアカデミア - トップ5! ミルコプライズE フィギュア,N/A,中古品,発送元 米国,"＋送料2,405 円",6824 円,N/A,https://www.ebay.com/itm/267083907171?_skw=Ichiban+Kuji&itmmeta=01JEH2SMQF594J0X99B77YA0ND&hash=item3e2f710063:g:8cAAAOSwSOBnTRz-&itmprp=enc%3AAQAJAAAA0HoV3kP08IDx%2BKZ9MfhVJKkPUNHeAvlMp74hjhRop1aM8BCNbRcnRU1f5FG0m24xXguAia16%2BbDHH2mUuMeuSKFaepOeICiQb1ZB11pbMAYvFu9TB%2BXklQkHpg1LcDgGLoBUjbw%2FtJKrqAJ5aemgVcs4tD5%2FtNczPGg5m3cIIpvpTr1pGcUrLt2K%2BAK3HnJTkfJNAziTt%2FpEFluVa6lTWK6svE0jF98q6aKSn6zAT6evn4yt%2FVBEcHkKHFs%2BCCQn7TTyCfX%2FD2wHvKIa%2Bltrr8I%3D%7Ctkp%3ABk9SR_DL5qL0ZA
一番くじカードキャプターさくら25周年記念ラストワン賞フィギュアバンダイ,N/A,真新しい新品,発送元 日本,送料無料,13050 円,N/A,https://www.ebay.com/itm/146113351834?_skw=Ichiban+Kuji&itmmeta=01JEH2SMQFDME8TG2C4MEHPBF3&hash=item220508d09a:g:9VsAAOSw5bNnE8NF&itmprp=enc%3AAQAJAAAA8HoV3kP08IDx%2BKZ9MfhVJKlaRZ6eEff0zhC6BixLLNpguiO4JeRD%2FnFnsGE9mvORr2PvDX7A0M7ij6Q9BRscrhxYuTcYnfbub8Nh40HkJ8NQcGXO1O5PywP2fclgPg3QTIZxoEkffm2PjcOHJ%2BdkBYZu0v5fcYf6%2FVQbSfScsIwv%2BJVTP2D0x7cfwwDcTbUUZELIPloAs%2FxUDZcNzAgJaUMm5AYX3RBzDTTvBK14nuQj7YxwNNomopqMXtyazLkmUeZhPF3Z0juN7zyuoZNOCfsXSu6cTDYg0gSRAwdnPp6RweZ8c9Wi5QrHgWIIgL1yrw%3D%3D%7Ctkp%3ABk9SR_DL5qL0ZA
アズールアショント ラボコート コテット ぬいぐるみ イチバンクジ ツイストワンダーランド 第5版,N/A,真新しい新品,発送元 英国,"＋見積り送料 4,617 円",5352 円,N/A,https://www.ebay.com/itm/286075425829?_skw=Ichiban+Kuji&itmmeta=01JEH2SMQFWV20FKY4K0WTDTJV&hash=item429b6c9425:g:M94AAOSwHYJm8fU-&itmprp=enc%3AAQAJAAAA8HoV3kP08IDx%2BKZ9MfhVJKmLV%2BiwmZq4BXoNMqtayVK0PPp6vzAhMM7W69oLbWPIrPAKpPceVS1F8tZWpuN%2B3WQNxi9lkakPLhv8Zd6JfWB94sVuH9mn0v9MP4D1QzcxB1w5%2BgluCdNXbr3DobZM7xYNMO017qKWJfZHvABJT8AtA3qaUNEfcWVqTQjQeRhk7wBMHrhL%2FhZ5PCR7zb6OwJIDY7KcH69iJ%2FwphIKkc8uBWdq8kGQ9axl7YVFePRE6KQ%2FIyTjKDC1rKtVwD3r%2FR2RvEdfUy70vR9RGwhTRKuUCNwuw%2BHR7lixbg70NFBTSFQ%3D%3D%7Ctkp%3ABk9SR_DL5qL0ZA
ツイストワンダーランド一番くじ ビジュアルタオル 珪藻類賞 H、輸入日本,N/A,真新しい新品,発送元 英国,"＋見積り送料 3,464 円",1912 円,N/A,https://www.ebay.com/itm/285783389481?_skw=Ichiban+Kuji&itmmeta=01JEH2SMQFQPBZH3G36MHH860R&hash=item428a047529:g:ttkAAOSwB8lmAgc3&itmprp=enc%3AAQAJAAAA8HoV3kP08IDx%2BKZ9MfhVJKlMlvDbon9ztVcUi17xP4piE7R7QG4IlYuCWurHWEgzXZvkwXKt4IPLWcI4IZtoGNDO91YCx0BcmhDcEQsdWS91hVBvOKRlPmlGJ0K3MdIK%2B6cPqmVwlvhh0kw9u7iqGUQZWY2kTAYTBoVtOIueC9TFqzKyAeiuLqXCIpSlKvaTGBuun0sJwjWNTheQEdiugaxa%2BvoXdqRvzhHQ%2FxvJwU7tU1rJl03o7JwnYdq6gMwBfX6P2EETGKjJE7e7lJlNpiA5rAuolqSwp2yCDd5qBjwUWIA8udl7YVB6UpC0DQS4Cw%3D%3D%7Ctkp%3ABk9SR_DL5qL0ZA
スーパーサイヤン 3 ゴクドラゴンボールZ マスターリーズイチバン クジ賞 E 本物 新品,N/A,真新しい新品,発送元 米国,"＋送料14,552 円",41250 円,N/A,https://www.ebay.com/itm/256436920424?_skw=Ichiban+Kuji&itmmeta=01JEH2SMQFVW2MY85RDS79990R&hash=item3bb4d4e068:g:piIAAOSwRG1l6IBj&itmprp=enc%3AAQAJAAAA8HoV3kP08IDx%2BKZ9MfhVJKnAggcZsdEs90qzaS9CorSpNw7MBBiqKxruonRSIEuKMIFRnA8xF1OsrwExybq7KnhOTfb%2BiIOQWPXaAc7z%2Bi6QhlUd60Svh2%2BHCTb3REZpX33dt1CvWpmy6rhMpr2XBDed92rIsZda49zYpOeMl1d6d9hOECWIGWBWJfkvODqt6NDt8F5iTfdnbISVMP4vBIa4s%2BvvM8Z63yHRq06yEhXPY6pPxLlKCz4N9yaClDfujjIvrNW9kcyVc7UGG84KdvtLlJEUz%2FYbLlHaoei3wFBcZ1tp40MD4XFm%2F6UQLhpKFQ%3D%3D%7Ctkp%3ABk9SR_DL5qL0ZA
ワンピース ブルック クリアファイル 一番くじ G賞,N/A,真新しい新品,発送元 日本,"＋送料1,200 円",188 円,N/A,https://www.ebay.com/itm/335705173610?_skw=Ichiban+Kuji&itmmeta=01JEH2SMQFP5NFPBBRC1GJX95R&hash=item4e29966e6a:g:sCwAAOSwKDhnRYBc&itmprp=enc%3AAQAJAAAA0HoV3kP08IDx%2BKZ9MfhVJKnK%2BV57mBlmcY%2FyFOi2eciqg1%2B247ahNcb%2Bh6WVK1DClfxFN4Fh2%2B%2FGe8Wc2M8pyQrA691N2jZbV1gBhe8tLJ4S9RxHa1cegu8j%2F2B2QpXFHimb2lIlt06k3pTjDqkWbmQSQIzXnMpWZvUYrbxpQkC8EinTSAYSXwhjE9N1HH9Ig3L2%2FDkhAtlk7MZeRrgfWV1ahtYnDwqXHqW7oRqLumRIces3GFRqelcLOOVw6eUKLcGEaMZdbNLX1gFHU8PnbFI%3D%7Ctkp%3ABk9SR_DL5qL0ZA
ドラゴンボールZ いちばんくじ賞C スーパーサイヤ人4 ベジータ フィギュア バンダイ ** 箱なし **,N/A,中古品,発送元 米国,"＋送料11,079 円",26700 円,N/A,https://www.ebay.com/itm/305762667375?_skw=Ichiban+Kuji&itmmeta=01JEH2SMQGPJTC2P1AC0FQ1G2E&hash=item4730e00b6f:g:-y0AAOSwI3Vm1jVe&itmprp=enc%3AAQAJAAAA8HoV3kP08IDx%2BKZ9MfhVJKkA%2FGFKScGHRSApziaa7S5Mr7IxEz9hk--uZSk8SpSk%2F8tAjeGF0Keg0YT0vy2Y4PLkG63VhBuMiH4LCCYd1GjGcck7Ni68stIVmO0FGUXnGeLx8uLyPYeoimlSc1v3ZPhHQPw3kIGl9%2BijLFfH1z5BjU4o30NGHKBqZdVLCwgxZdnXE%2BafEQIv3Y52Uq6owIGENdId8yq7xW7LlDvmKjd1ne7L2s%2FYB54V5whTSL6ZCz75M%2FapBFq1n2hzTNnFGcYbmFd4v5r%2FD1lbf80t9QyHHLajgsVjXneDe5ctPBddig%3D%3D%7Ctkp%3ABk9SR_DL5qL0ZA
夏目友達帳 ニャンコ先生 ソフトビニールフィギュア バンダイ 一番くじ,N/A,中古品,発送元 日本,"＋送料1,499 円",2399 円,N/A,https://www.ebay.com/itm/365270720847?_skw=Ichiban+Kuji&itmmeta=01JEH2SMQGY37ZC34NXXQKB5PV&hash=item550bd4e14f:g:CPkAAOSw5z1nUkHi&itmprp=enc%3AAQAJAAAA0HoV3kP08IDx%2BKZ9MfhVJKmytywnbzCiYSMwzPuUnVnHBhH6Yp6EteES8Vvg7%2BfwW461WAO%2FsJ99rR7z7VWyi8pxiDUh%2BDyTnxXdL2UdCcbUdaFctk%2BC2Zo30uGwOO%2BBLi71EiJjUTDk1zY2v1qCHTHPuJ8MIVSIQGA5lQcbxmJXLn%2B7X1zrOScG%2F94B168U9YQjqgpSllGKsL5M35I%2F7IQ6U1pK90%2FSQb3LjNNTZYjsPSIOLWAXTXnnf41KYG3%2FAb%2Fu8r8GuUueYY8u%2BLUKVuk%3D%7Ctkp%3ABk9SR_DL5qL0ZA
ホロライブ:ナナシムメイチョコノコ ミニフィギュア イチバンクジ,N/A,真新しい新品,発送元 米国,"＋送料2,336 円",4500 円,N/A,https://www.ebay.com/itm/146248356257?_skw=Ichiban+Kuji&itmmeta=01JEH2SMQGJR6S9NYAQVPXG832&hash=item220d14d1a1:g:j5oAAOSw52NnUmoz&itmprp=enc%3AAQAJAAAA0HoV3kP08IDx%2BKZ9MfhVJKnsv3nU%2BdUoEsNyYIacq76uBPwnbRoSGNrBoOF%2BSX7gpMRmhhUUaeFAtkq9RYmtdgKhS3jrWr7TjBQ5yXEJnKPthBn8NlCa7bni74xKTIT%2FRlfpQWwkE3u%2B1i%2B8b19yo9EH7hTjfkbO6SnDbZZTUUdnYrZeWSAdg8dpYd65hGdB4h0H0bW4ai4cafYDmEWTksPpMPiYVGpv0%2FaiU2tqWjPDmy7WC7eehbjvVqBw9V%2Bh4Bqmu%2FS4zlSropldFSjR9ec%3D%7Ctkp%3ABk9SR_DL5qL0ZA
Ichiban Kuji 僕のヒーローアカデミア - トップ5! エッジショット賞Dフィギュア,N/A,中古品,発送元 米国,"＋送料3,129 円",7934 円,N/A,https://www.ebay.com/itm/267083904436?_skw=Ichiban+Kuji&itmmeta=01JEH2SMQG0T04RNT7WDFRFPG2&hash=item3e2f70f5b4:g:boIAAOSwlsdnTRuD&itmprp=enc%3AAQAJAAAA8HoV3kP08IDx%2BKZ9MfhVJKnnK4Xkcy%2Bol61CCAyRjurv1EP4VhEdHf3AV2cYszLxyriAN692HUCJhvarDRIzVrQuZV8ugCk7Ld%2BWgUHIL%2BNg18xCZ%2BkR1mRDV2AE9uO%2B7BiGfttHiRTHUo4q3G7vMp86P454ZCzdjsjfoo5ftz4tx%2BbZ4oe4MtIyTnhqJILpdgbN%2BG6Qfk8fihP3xUeQtbudg9eP5%2BryvZISMOUc1KihnD7mMYDkAPktbHUKG9o4Cy7iIa4l7Y1jD2tzPiz1adKG09%2FdXTOA4jFG7YZmn6tciOnNlsKVhWe8jpAySrJmBg%3D%3D%7Ctkp%3ABk9SR_LL5qL0ZA
一番くじモンスターハンター20周年記念Bファタリスミラボリアス フィギュア,N/A,真新しい新品,発送元 日本,送料無料,14700 円,N/A,https://www.ebay.com/itm/146026730759?_skw=Ichiban+Kuji&itmmeta=01JEH2SMQG8RR4RC3D5VD9K9NJ&hash=item21ffdf1507:g:-XUAAOSwadxm5bQS&itmprp=enc%3AAQAJAAAA8HoV3kP08IDx%2BKZ9MfhVJKkKIMxJa%2BWe64awwzO73yiF5rrRCBNb2d3DC6mS2oDYXr%2BIWnpSHD3Mf4iW2aceHvo3WyYZ4%2FiQ1buWJVcJsz4Q6T5vy%2F1MPyCLufXe1CrTFpYCA%2BRQbN95JKzHzdeTI1nnIhBQ8TtRT7LFyWLtgWcqLmYkrS7svq93hwHbA%2Biatkx4kIhOOybqjGgE%2Bmuy8ItKUlvUBjA0whYCpzck4hforDxsahsbEyb1Z9paqFdOCRfI2R2%2FlUeG8Jxbxh6R6lrevV1qh%2FStuuLYrA0QWF1Inn1X5zFd1JZpgXbA7jtRqw%3D%3D%7Ctkp%3ABk9SR_LL5qL0ZA
Bandai Ichiban Kuji - LAYER SCAPE Rengoku figure: Demon Slayer,N/A,真新しい新品,発送元 オーストラリア,"＋送料2,876 円",11504 円,N/A,https://www.ebay.com/itm/276322045320?_skw=Ichiban+Kuji&itmmeta=01JEH2SMQG3P2J3YHD7Q1F6NDY&hash=item405613cd88:g:FIsAAOSwucplwiwC&itmprp=enc%3AAQAJAAAA8HoV3kP08IDx%2BKZ9MfhVJKnaLvCpswHQpei69i4gulyn3lm1SXT7bTxF3BPb8b9NwLtDybmZ--O4LovpZowFPLTDGHhcuis3%2BKibIRUAj9QXjc0TxmNgK6WSfJkzRjgHmPAjxanw1ojEvSG76Wev6TmCLA5G8kdPHrP3qNSv1XLNo7bnDvzZXCS83WZjuSj%2BlNNnpNs1EMo7eHiCO7LuN8gp%2BbbGCWStyyOJ%2FwT3uj5mD9XRIPx9c1VXNA4qT0%2FxuhfkxJ6SwITDb2Um1CTQu5hy9XgbtOswceHjBYPxf852Rq28n03%2FBQ2dV6500LZn9w%3D%3D%7Ctkp%3ABk9SR_LL5qL0ZA
Ichiban Kuji KINGDOM HEARTS Linking Hearts F Prize デザイン タンブラー ミッシングリンク,N/A,真新しい新品,発送元 日本,送料無料,1274 円,N/A,https://www.ebay.com/itm/286147650699?_skw=Ichiban+Kuji&itmmeta=01JEH2SMQGZY7QPW2SZQHKWDZN&hash=item429fbaa48b:g:vysAAOSwP65nKw6Y&itmprp=enc%3AAQAJAAAA8HoV3kP08IDx%2BKZ9MfhVJKnJV41sIBGXYlqSsjYkL34WbhU46dFH5mxiic2tG5usZcxKLjhPJsZLgmaTjluP3oXufWxth0lb3%2Fzr1hRfzg8smOUpp%2B0onJN%2FmPvQaaqJmmV0PWDqwxORBrsqVNNvSWC4T0GP%2Bu5VXtmRDE3TUZslTnuWPulr72rrqBr9xLh9bJySiKvljx8c9B%2BfvEFAWfWGgoIUwg6j7jfFnQly8IrDgoFy1se8egOtOgspT2LO8BPIzgjqvKqL8tfbOL861Ve3FeFYfwwPktzubhW2h8kTTeMvVH9qMtrIuvmgStc4rA%3D%3D%7Ctkp%3ABk9SR_LL5qL0ZA
ポケモン ミミキュー LEDライト 一番くじ 日本 新品,N/A,真新しい新品,発送元 日本,配送の指定なし,12447 円,N/A,https://www.ebay.com/itm/186793259025?_skw=Ichiban+Kuji&itmmeta=01JEH2SMQG19Y47YCQ2X9VR9MT&hash=item2b7dbef011:g:mrcAAOSwdPRnPIN2&itmprp=enc%3AAQAJAAAA0HoV3kP08IDx%2BKZ9MfhVJKmA20FppG0w0Pxex%2BI74yI%2BRSO9PXRsO8k0xAW6fkafX1nnsXWzw8%2Bv1nj9NdfBNwUdhsqUNblQJscZF%2Fzp33MTe%2B3JfO8RWd0ULtetNI9A01qejVYfYWsS7Kh0Z5R6HtAbH4o%2BDMHuD7mvhLQ%2FNsexAKo4%2FvcKLvEMjRmglIh7JZCW%2B6%2FHRS3fJEtczgdYU1TRrEbhxuJD4dbEw5YuPeS15Y1JG3VyUkWwo1e2SX1rRH6iCRUdhIU8gP75M%2Bo63Us%3D%7Ctkp%3ABk9SR_LL5qL0ZA
一番一番くじ ドラゴンボール 大間シェンロン フィギュア高さ11.8インチ (予約注文 ),N/A,真新しい新品,発送元 米国,"＋送料11,787 円",26999 円,N/A,https://www.ebay.com/itm/176715785701?_skw=Ichiban+Kuji&itmmeta=01JEH2SMQGYSC1F3TG0Q8G9W1B&hash=item292514e5e5:g:W6kAAOSwm~pnTc4m&itmprp=enc%3AAQAJAAAA0HoV3kP08IDx%2BKZ9MfhVJKnTzzfF7kOqbr%2FEBrZRYuBY7TMyVeLacJQbAxCCX0mHibD%2BDfH7r3tFxaApKx3T1LTtwacqhiRb5hgsXNC1wTwCxQekKyPjUvhraEGuaxE6v5uQZt0yjs%2FUuTH33jzbH2QPc9Kh4VSjGb8QuBHmmng0IUaLG9iWRSu980J2ufwdJNeAHki%2FuI5GQrNYUVS15wiTopkQTkwm%2BH7Vv1rDvvnbWgjMr5ZKvN3ZAMtLjMMU0Z4Elqd4GrtF0ZyHNvAMFGk%3D%7Ctkp%3ABk9SR_LL5qL0ZA
一番くじ柔術 海戦曲 玉雪 東寺伏黒賞 Cフィギュア,N/A,真新しい新品,発送元 日本,送料無料,9300 円,N/A,https://www.ebay.com/itm/146038699532?_skw=Ichiban+Kuji&itmmeta=01JEH2SMQG43RJY1837PEMR1BX&hash=item220095b60c:g:m04AAOSwYyNm7FrE&itmprp=enc%3AAQAJAAAA0HoV3kP08IDx%2BKZ9MfhVJKnw%2F%2BZWchYHcFgOmkuqL7AAgzr8GG7cDoZnLPCiVoxpjPgnBjMTB262w64AVt%2F5bCx1PbcO%2FrNrgfQCJOP5foHcid0IF%2FqlsdO73qPpO%2FClR%2Bv6tK3lemS6XKqTDxUCQKBL9FBhcrhl6K37su5H0qliZSQRaricW%2FSStqdwQH01hxKLhuAEa%2B5XYU%2BtBkqairoV2%2Bs9q80PwTK7iSWaFgLxF6%2Bmv%2FcYXuecKGWy3UpZ1coidaPb5%2Bv5eN5GGeOb3qs%3D%7Ctkp%3ABk9SR_LL5qL0ZA
いちばんくじ ブリーチF プライズ ガラス プレート 完全,N/A,中古品,発送元 日本,"＋送料1,500 円",6854 円,N/A,https://www.ebay.com/itm/135402425836?_skw=Ichiban+Kuji&itmmeta=01JEH2SMQGH38HY2EGYYZTXEWJ&hash=item1f869d0dec:g:owUAAOSwWdFnRcT0&itmprp=enc%3AAQAJAAAA8HoV3kP08IDx%2BKZ9MfhVJKmUYtDrF9i8hQilRx5ne8Nwk9xm%2F%2Bi%2B%2FMvDB1sv66Szb56C9QAf5iaMpBujqt0y8sakfMHvAZP2hNmlDgIVfoP%2B4snGlRGfttbCoBiaipOUpHbPxywAKOtfQQAMD7tK69Xnknp10%2FA3rKrwtztMmob%2BBs%2BcwYVOY75LLvFePPqmM2oo2SDS0Lth40I7WuaU4%2FbAjdHXAxe7jAVWYW22S37y08%2BiSXXar4M7A4mo6A0xGnAn0Nhp37a298jJZJFKpNgUGnSn8%2BZsJeqkACKvWtLXXnpvT2H%2BNaolmxeYuw1mYQ%3D%3D%7Ctkp%3ABk9SR_TL5qL0ZA
JP New 僕のヒーローアカデミア 一番くじB賞 フィギュア - 幕末克樹 広赤,N/A,真新しい新品,発送元 日本,＋送料750 円,7436 円,N/A,https://www.ebay.com/itm/296123955801?_skw=Ichiban+Kuji&itmmeta=01JEH2SMQG9D3X6D8R5RPSMG03&hash=item44f25cfa59:g:q1gAAOSwuXllhs6-&itmprp=enc%3AAQAJAAAA0HoV3kP08IDx%2BKZ9MfhVJKkVo2cakZFcz4tIckUhO3oFHaRb74Gtv7tjiq8diGnwqf61Wy50r33GuRU5qZYgfRMEhsR9eg6GJ9esgBhEEyFPh9QvQHlYz%2FOhVT2rZx9I3x%2BZvO%2F0T7AcUuW4NRtKMoL%2FVbj3FHpnO1UYhlUp2aU5FhJh0hRNr9Sr9W9NckelkCLzlBMjnuYvlPtX3wmReKVTuMg9VnsXd%2BBaT5vjCHlOtRrml1rFmyywSxU3h0YfIMhWsZbZEA%2B%2FzPseIBv6gZ8%3D%7Ctkp%3ABk9SR_TL5qL0ZA
Oingo Boingo Jojo's Bizarre アドベンチャーノート スケッチブック ノートブック いちばんくじ,N/A,真新しい新品,発送元 日本,"＋送料2,100 円",5250 円,N/A,https://www.ebay.com/itm/356246909221?_skw=Ichiban+Kuji&itmmeta=01JEH2SMQG6Y4FFCQK9ECRC53E&hash=item52f1f87125:g:rhoAAOSwy1JmQB7q&itmprp=enc%3AAQAJAAAA8HoV3kP08IDx%2BKZ9MfhVJKk%2BHFV5kV0YhJC0e2HlkzSC0%2FTZbkkYk3jHnZsrWlmFjYWrGZA2OJiAkCSqQJEG%2BTar6A18Ir2efEylzPUSNyTm%2BndNRK8VlF%2BcsEzefjilAkea9bwH92Q6U9y2KXz5ah9pLAEryz%2FeC9zQMKTw%2BDNAoqA%2FB4i4b3WEmYV6SDjT01DFdoTbA9KfkHJAQZ7NgEmkkgkalvOVKX9%2B%2BO3vjzzP7UkcNCtT5E8%2BJMnkvAzKgNpE3epEkffd0TNXLFhWGSVfDhjECzXbAGhDUDZo8eo86AVtTrKI0CjoeFSrlSEuuw%3D%3D%7Ctkp%3ABk9SR_TL5qL0ZA
ワンピース オールスター 一番くじ 記念ガラス プレート K プライズ-サンジ,N/A,真新しい新品,発送元 米国,"＋送料5,996 円",3000 円,N/A,https://www.ebay.com/itm/314628702290?_skw=Ichiban+Kuji&itmmeta=01JEH2SMQG6QP9PZBM45JJH15R&hash=item4941550052:g:ZT0AAOSwpDhke~d6&itmprp=enc%3AAQAJAAAA8HoV3kP08IDx%2BKZ9MfhVJKnm%2BZ%2Bs1mPtE83ZCPNR07RuEEYdWcvsjtlEXzLvp444Gzg%2B%2B%2BYLjAjAW9jx8lqM0f%2B5VDLsEk8RDpCKJVl10ItKQSVrLB6DoBqqRxlIKjkicXOSwJHOLambfsarVT5DQ%2FRICz3e7rghDj5oWNPMeFKVVTTf0rhbmSGb0eZroZyiwPd1G7vefJclr%2Bjf96BvUY0c5rmBxct5WQqWLc0B19d7NsMEKODw5AhNa9I4BaAsUTZcALOVZkijjOxUGA1VYNhNPyVexTPcN0Hi59IG%2Bh5VypvieMM86nAm0Z2d7sbqFw%3D%3D%7Ctkp%3ABk9SR_TL5qL0ZA
Shop on eBay,N/A,Brand New,N/A,N/A,20.00,N/A,https://ebay.com/itm/123456?itmmeta=012DEW30YG0MEEKND7NH&hash=item123546:g:acwAA9KNiJowH:sc:ShippingMethodStandard!95008!US!-1&itmprp=enc%3AbgepL1tlUHjMGCVfSTGJh%2BzsVKeJ3CQk7NizDI4BZeppuFnmyS6Ijyp8lh%2FnEw%2BWqO7uTV1Q6izE1R0T54aV8j71F4xlWfVcGft4%2FiOQhtqVXA1rW6M1atPARQRmhqUxtEPJKhKtSFgI%2Bvwlzb0GwVCtkp%3ABlBMUObkmabpYw
Shop on eBay,N/A,Brand New,N/A,N/A,20.00,N/A,https://ebay.com/itm/123456?itmmeta=012DEW30YG0MEEKND7NH&hash=item123546:g:acwAA9KNiJowH:sc:ShippingMethodStandard!95008!US!-1&itmprp=enc%3AbgepL1tlUHjMGCVfSTGJh%2BzsVKeJ3CQk7NizDI4BZeppuFnmyS6Ijyp8lh%2FnEw%2BWqO7uTV1Q6izE1R0T54aV8j71F4xlWfVcGft4%2FiOQhtqVXA1rW6M1atPARQRmhqUxtEPJKhKtSFgI%2Bvwlzb0GwVCtkp%3ABlBMUObkmabpYw
ワンピース オールスター 一番くじ 記念ガラス プレート K プライズ-サンジ,N/A,真新しい新品,発送元 米国,"＋送料5,996 円",3000 円,N/A,https://www.ebay.com/itm/314628702290?_skw=Ichiban+Kuji&itmmeta=01JEH2SRK751ZZ41CGSSJVMGVH&hash=item4941550052:g:ZT0AAOSwpDhke~d6&itmprp=enc%3AAQAJAAAA0HoV3kP08IDx%2BKZ9MfhVJKlvDyUNo%2ByDA1qhTzKiYHE3Sa5nJEGuAfbGKXMBNEpxhrpJ%2Fr%2Bwp%2FEWtKxsU%2FWkiAJcad4JtgeKssKzh5mXBO5z7LyN%2BXv72V%2BonBkOT%2BpF5fc8p5M3TOWWvc4O87a5L8maN2%2F1994fTGgYwQVepJCNfyxLoAMBCu470bg1%2BVCGrPpA8hK05nZhBTGDVfts72wDUDEClhQxAOEI2VblHrU9Oyu6zGGxwrhSqybgSVlcslkKeHednuvT4yvuFpSVy%2BY%3D%7Ctkp%3ABk9SR9SJ56L0ZA
Project Sekai カラフルステージナイトコード 25:00 一番くじ賞 A 毛布,N/A,真新しい新品,発送元 日本,送料無料,7499 円,N/A,https://www.ebay.com/itm/355458478299?_skw=Ichiban+Kuji&itmmeta=01JEH2SRK78T4X7BNQ4P0NG3AT&hash=item52c2f9f0db:g:l9oAAOSwyzZlydsG&itmprp=enc%3AAQAJAAAA0HoV3kP08IDx%2BKZ9MfhVJKkHEkoFo8tJMvRCqgt34125GS%2FrTafp8Y0vH2Gu0avm64ArPIabrBWMp%2Fu3utlaIZjf5160NnYF%2BwBngVnIAQTdl8wN9CJ6cbAjb75CXQ1vdhL4Iao8Y0GO7duTZrruYER7HqMW7d19QeaxfYAedm59i7AV9lEoxlQdjQ1WJZn7Bok%2FF4xXeKqdwzH9VEOQf4xMjCePHeHdF7Ox8k2NaDMYL4%2FeUuaI%2B8p9yhCs%2BHlseIDKeCQrY8aVSRkCj1uolb0%3D%7Ctkp%3ABk9SR9aJ56L0ZA
Re:Zero Otto Suwen Ichiban Kuji G Prize Chokonokko Figure Bandai Spirits Japan,N/A,真新しい新品,発送元 オーストラリア,"＋送料3,079 円",2871 円,N/A,https://www.ebay.com/itm/365128672132?_skw=Ichiban+Kuji&itmmeta=01JEH2SRK7AVK3W9D6A7Q7J3RV&hash=item55035d6384:g:SMQAAOSwDXVkOASN&itmprp=enc%3AAQAJAAAA0HoV3kP08IDx%2BKZ9MfhVJKlE9s%2FJtWAnkUnPe7QH32R4kLzkOGcTmnQnJdrqyOPap3mYA%2BkLF7DYr1BjbOzDG8tHzjyJA42lw4lPCIoNZbwp48F6Gh5BXm9eoPYI5pf5yicyaS%2FVxepoMTqWy9obMx%2Bu3y1upqDyiY63XMYhB7hCqI3u5FFXlnkXMSjVWfMupKfCd2FB7LUXOTbJpSK4h26Ko%2BIgmGQCxL2Qs1E5cINGlWBc%2B6hVjivUIFGX7nCING5nq824MciuLQZPFEQAxco%3D%7Ctkp%3ABk9SR9aJ56L0ZA
どうぶつの森 一番くじ トムヌークストラップ(2006、BPS)新品日本輸入,N/A,真新しい新品,発送元 米国,"＋送料2,889 円",2997 円,N/A,https://www.ebay.com/itm/205016053479?_skw=Ichiban+Kuji&itmmeta=01JEH2SRK79SNF3YG6NNC2450M&hash=item2fbbe8b6e7:g:IdkAAOSwradm9wHn&itmprp=enc%3AAQAJAAAA8HoV3kP08IDx%2BKZ9MfhVJKlZQdogSb9CS8KauGGWb1e493MDUStxcakQrPRfyEcg9%2BF5e88Y1tFvJ42%2FWPbdt2hMBV89c9Mitmai%2FjlVjaD7d2uek7VTws4ApqCCbxaaiFLTKT%2BVinkeX%2BHpRrzLuBsb3CPVf9Vz7Aq7A8q9RvKB8poctSVKGcUKkrK%2FrAJUhjEJGFm2CAhm%2FQa4306pJF%2FI3e37M9%2BnktqNwjRPCEWBTUSw%2FCOSChsw7VtDyyXxY0kZFG34fXu%2FdoabHq3R6ay4jS1DcUtVmSka5YCt2nlG%2Fr6VjD3IXQPhk%2FCjN8gI7g%3D%3D%7Ctkp%3ABk9SR9aJ56L0ZA
星のカービー一番くじプププププニューライフ2コースターカービーとワドルディー新品!,N/A,真新しい新品,発送元 日本,"＋送料1,320 円",2399 円,N/A,https://www.ebay.com/itm/267088187077?_skw=Ichiban+Kuji&itmmeta=01JEH2SRK7KJB7T2J0AG1KYN3F&hash=item3e2fb24ec5:g:2XwAAOSw4g1lpKRT&itmprp=enc%3AAQAJAAAA8HoV3kP08IDx%2BKZ9MfhVJKmtDonJ2Eg161XATLZRkNDkfuOiMqb0zTMgr46RN%2FMea2gQlnbNxm5BjDfNwfBIC9oo4UJ7TPMo9cPu9Pi1AwbwJmNMNe8uBU%2FjVVk3m3KHgthDc%2Bkr1JjmQy4eHfGl9Zk2x0dmliPpkMizr6hrRtrI55tSlQU%2FLc5Ijl9rocdi%2BlX%2B6y6EDFI5J0%2FVdwYunY30n2fywIczhv4Jz2d4WJStR%2FSSWcVhf%2BRGC7Kpg%2Fqo0HsKWykE%2FsmgeQ5IH7dtKNEKmk%2Flocw36tS1CAO9bQ%2FyWIhyzoQCPKUjD7034SGTzw%3D%3D%7Ctkp%3ABk9SR9aJ56L0ZA
ゼルダの涙の王国ライトアップマスターソードの伝説,N/A,真新しい新品,発送元 米国,"＋送料11,213 円",13050 円,N/A,https://www.ebay.com/itm/315814302536?_skw=Ichiban+Kuji&itmmeta=01JEH2SRK7KDB54PJFRK8FYNF2&hash=item4987ffd348:g:~fAAAOSwL3ZnAEks&itmprp=enc%3AAQAJAAAA8HoV3kP08IDx%2BKZ9MfhVJKlX413CyZpPYqI8LcdRlrhu14Wc4aDg9uJtPfzsmlRXH72pgKyTE%2Fve72c5pDXJig1Wi9EoYYPyPsOVk5vjhooNobYgr5Ug4OlRFv%2BjFoZCQWoxBxRxHLqc9jZh13PHlV1fvhiLPEvmV6OD%2BpOwo0fN6NYO98gwXzVbOB5nQwQlmy6fDwqeoOaroC44r8yOsT5CUbRvKGTcbHIpk92MFcWXKnUs%2Bd8jWyGNXZQvZfAuCjPnuOBR2RfeD9aIvzVbrpzfT2WBBAshd%2BRYitYNsVZx34TuoFB8jIY7VK7krAYaZA%3D%3D%7Ctkp%3ABk9SR9aJ56L0ZA
バンダイ一番くじ ドラゴンボールマスターリーズEX チチ天海一武道会 フィギュア,N/A,N/A,発送元 米国,"＋送料10,625 円",5999 円,N/A,https://www.ebay.com/itm/116399225595?_skw=Ichiban+Kuji&itmmeta=01JEH2SRK7BCFD2W7PE0FFAXSN&hash=item1b19ef3afb:g:w4oAAOSw3IBnP-tq&itmprp=enc%3AAQAJAAAA8HoV3kP08IDx%2BKZ9MfhVJKlqL%2BVIvKnTb%2FENR5H%2FZ1cLDAvY5QTjxAvn48cgd05gIvh99j9e%2Fg%2BeddEEg9g%2F0oCLxZaucIQ2nTrIp7wA3J2%2BFzpv9Q05H87CEVTSUPteLHf2Yj5UXR%2BLCbjYPDQ2FQrNTmY16DNKgPDoihvue6yhJDkCwKmZJhuJyOi5PATRMgRIcjG7KHdR1JYVrVORXUYKpCEjycH2w48xdBzGlpzP7EU7HXi8EhH%2ByejC6vg%2BxIR%2BL%2BzfLomgePEStGpr4QYbz6lZwr6Laed6o1tSWrc9JQxHL1GO%2Fz8j4uXUQ54%2FEw%3D%3D%7Ctkp%3ABk9SR9aJ56L0ZA
どうぶつの森 バンダイ 折りたたみテーブル 一番くじ 大賞 送料無料 米国,N/A,真新しい新品,発送元 米国,"＋送料8,603 円",9899 円,N/A,https://www.ebay.com/itm/393122727494?_skw=Ichiban+Kuji&itmmeta=01JEH2SRK7E6H758QR9SFKWJEB&hash=item5b87f0c646:g:OrAAAOSwvaNgNtq~&itmprp=enc%3AAQAJAAAA8HoV3kP08IDx%2BKZ9MfhVJKkAVKhvjx9npIKNnHBbIjGpBQxKDxkYiF9E%2B%2FXxrFVKFrFZ0ca%2BwBcmzlqKnNtGiD4GPKFG%2FLFO23BFfGntvouhkQTrUSFX3vSrpKEP30CMvY1AiLkl3wgVFtWD7neyB22%2FZX8BT5eWDnzsEJS%2FbZC81zpEsdA42gpVgXdpNMutNZ8CnFtTGZA3T%2BmS8Qc30ifyeK6Ko%2BcbkdEzCz6x4Nf0x%2FoYvEoucYoWxdkkALDW3OB39ACPVGQ5SidZUi%2FlnoMfGfGJKyd%2FbW5lbpwip1GAbi394dNVoYcqRSY%2B5dsrLw%3D%3D%7Ctkp%3ABk9SR9aJ56L0ZA
一番くじ キングダムハーツ リンクハーツ SORAスタチュー フィギュア 賞 A,N/A,中古品,発送元 日本,送料無料,15600 円,N/A,https://www.ebay.com/itm/146089097174?_skw=Ichiban+Kuji&itmmeta=01JEH2SRK7QMB7C35JEBQ4TEMW&hash=item220396b7d6:g:t00AAOSwEvdm4Bth&itmprp=enc%3AAQAJAAAA0HoV3kP08IDx%2BKZ9MfhVJKkPWAtY7MB4ElUE71NbkuByWLs7fmwPKAGgJhszf74yTvN%2Fr%2FTn2pcicgks5hJja3t3Em9UcFrLvH17rcvoMdeLhUbqweiFHl36GkROpy%2BPVeLM%2FWFlbH1DoroaDb9RBs6IB1VIAaRPTJs2RmeiWOdY2Zr5bPppSR8%2FPdVx8rlFs9JwEEX4WUzZ64HCv6RjhZ7Vr78Dlx%2FGQ6EASZ8%2BsP5nk%2Bz7S5Cy5As6IlwGpkypaX0dIk9ijuO61ohzNEWSlj0%3D%7Ctkp%3ABk9SR9iJ56L0ZA
傭兵、アイデンティティV ラバーストラップ、一番くじ、輸入日本,N/A,中古品,発送元 英国,"＋見積り送料 3,439 円",1510 円,N/A,https://www.ebay.com/itm/286175719144?_skw=Ichiban+Kuji&itmmeta=01JEH2SRK7WZGT86J8EB72TDWF&hash=item42a166eee8:g:-tAAAOSwG6NnP6-5&itmprp=enc%3AAQAJAAAA8HoV3kP08IDx%2BKZ9MfhVJKlenio0PQHHCOcNyTxMzEv2ejPKrWB8eB1oK%2BJ09KxgN%2FT%2B%2FnUYcySe8DLhlP32CfI%2Fb3nJ3SXH8rw2tUAa8LlQBDYeV9VMq7iEzBl%2FDmcAJpzNGcdYVbTRRc8jTlGkfAN4Rs7rVp%2FmfWAzhBP%2FLaOE2084wDwR36WLFgQ5%2Fc2Jdv3wlRsiTITqxTyrB5O2bmc99kJ%2FLAKTt%2BvrBTd9rEvQn6fqwmbwuRZgUf69WlJAHGCDYjasFG6JjatqYlaqlz4YlKEKqVDjVL2m7Tei6RYf7Ms4y%2BbU4jaKtzOGfz4iuA%3D%3D%7Ctkp%3ABk9SR9iJ56L0ZA
BB044孫悟空ドラゴンボール一番くじ賞Iキャンバスボード,N/A,中古品,発送元 米国,"＋送料8,337 円",897 円,N/A,https://www.ebay.com/itm/145737833915?_skw=Ichiban+Kuji&itmmeta=01JEH2SRK7HW5HB3FRY1A2ABXF&hash=item21eea6ddbb:g:goYAAOSwENNmJb3b&itmprp=enc%3AAQAJAAAA8HoV3kP08IDx%2BKZ9MfhVJKkoYoXRE9OlmA2BDBQSwaPXTQrTg93uWR5i4sTxZymxSsRydSGslCHQxRThEASLyMLjS%2FXJtEFDc5XxAx%2FKjSt1H5%2BUk1ClxI75rfepV8aghpND0kAwE6qUTWzE66iWEa5OUcfl53HV%2FlQRU0wljptzLEwRy%2F2U7sa8OWNh5nY0TRQ%2BmTRaG7mzw3i2RBhSyNC3fF36q36rg7RezQk%2FKLjWjVbPCzX2VKX1z%2BveqRz%2FAgFeuO%2F7p1rnHMXFlqrMm5%2BGmhetuBP3tm%2FY%2F3pX3t5zpQ4DxH1A9xf1PuoBX2Xs%2Fw%3D%3D%7Ctkp%3ABk9SR9iJ56L0ZA
BB026ブロリードラゴンボール一番くじ賞Iキャンバスボード,N/A,中古品,発送元 米国,"＋送料8,337 円",897 円,N/A,https://www.ebay.com/itm/145801036668?_skw=Ichiban+Kuji&itmmeta=01JEH2SRK78PEX7102ABCK5P60&hash=item21f26b437c:g:2H0AAOSw9hBmVZ9b&itmprp=enc%3AAQAJAAAA0HoV3kP08IDx%2BKZ9MfhVJKkV2%2BsEXHAWl1JOYKw40aevSkrja%2FLyCyb7Ma0x5nSwp34Xii0TJ0p6hjfhNY51C%2Fh7lhJ6WA4DmPZNZ1A9%2BCWN%2BEdEUc11%2Fk5%2BSv%2BJGcLqZ%2FRQoA9l4FvYjtuIhw%2BqvlKmIhWH8khUpAlPq2KbVqBJaYPcI8H6%2BlKoEvJHcyT%2B8eLmsShglqK6DEkES2EjZFrt3hoqozoPV0lfUxoWKIF%2FuRI22N9pAA6m2jzwalKOd%2FXXcZEUxUOZFUX9MShcu9w%3D%7Ctkp%3ABk9SR9iJ56L0ZA
BB046孫悟空SS4ドラゴンボール一番くじ賞Iキャンバスボード,N/A,中古品,発送元 米国,"＋送料8,337 円",897 円,N/A,https://www.ebay.com/itm/145728989917?_skw=Ichiban+Kuji&itmmeta=01JEH2SRK7TX2MRPD1XDM2MC6P&hash=item21ee1feadd:g:CiQAAOSwQZ5mHwsY&itmprp=enc%3AAQAJAAAA8HoV3kP08IDx%2BKZ9MfhVJKlWhHV0qrnUB%2BPZhO1OS2B8UAvdGxkv2rM%2Fr0Iveh2qb%2Fxhw9aTw%2FWncsswCUdVZzUUM2GhOVEe4eQaCHcsklENDdVBdy3ZOYhjPQAy2AEq7eDKPWljpJ2NqP9cQ0W2XhhjRcIqni93d9%2FGCRGg6E6t01rku5j%2FuhmrdWMR0ioRRZYoBf%2B6T9lwiRx3DaSKyGKs13TEwYA3olsz63z%2B2u38Lt%2F7uXeNfBzIUQhL8wGNxigEYpVCJVl0o4y6RMVJIOYDx1r11DeT%2BdiHqnTdGwhuo3S8MGurmeAtLyuBd7fp6Q%3D%3D%7Ctkp%3ABk9SR9iJ56L0ZA
BB027孫悟空日本ドラゴンボール一番くじ賞Iキャンバスボード,N/A,中古品,発送元 米国,"＋送料8,337 円",897 円,N/A,https://www.ebay.com/itm/145801038876?_skw=Ichiban+Kuji&itmmeta=01JEH2SRK71KKP3ZNPSM7C6BXM&hash=item21f26b4c1c:g:~UsAAOSwv3NmVZ-Y&itmprp=enc%3AAQAJAAAA0HoV3kP08IDx%2BKZ9MfhVJKkobKvXgP%2B1goe%2FMJ2ANd%2FSqpIwyjOwf2%2Fb2Ij4BPJy5jmLV%2FBUbVQ9TyUkS4yot5fK2LJvw6bxWisttyhJXn2XmmdUzhb5qFQzXQ%2F0JCbCzFjWUjKRV70q3UoUNPv389XoM4oH1zQtGBzZrs9B8aEIrpbBDsLpOBY4rOuPvQgNliX50hi83ua%2B2xMtEm0a9CgOgp2nwT6SFuiLf1wo%2FTIMBam8ctyioqn7d0Bjrw4YGK9RSOFZzr%2BPYch94QD8tuo%3D%7Ctkp%3ABk9SR9iJ56L0ZA
一番くじ 勝利の女神 ニッケ賞 式志コレクション ブラン,N/A,真新しい新品,発送元 英国,"＋見積り送料 5,089 円",2483 円,N/A,https://www.ebay.com/itm/176713089665?_skw=Ichiban+Kuji&itmmeta=01JEH2SRK7SKZN0G8BVNCGCNPP&hash=item2924ebc281:g:wdYAAOSwBIhnASy6&itmprp=enc%3AAQAJAAAA0HoV3kP08IDx%2BKZ9MfhVJKnoCoEzI7WIOTIiPoBdynrgd%2BxCp8vSt%2BrspbSIS3GWSf8mZ5XJ947j2j6epSdVfKzhXCVpe3X680kuJD0MJzf3yh7Xn1H%2BjnEV7LRCbUeuTuIUcSxwQF2Qpp1k0m9ZMeiB%2F6Uom5EW0b5fER9rR29I0PSG4Up6hf3MbocjgNyXgKLNB%2Fx8qsuz%2F07Plt%2FHUnYlguGfcMpW58jJsFliZDamTzW%2FikR%2FjM3yWo3rv38xfULDpehVH5MvvcG%2BsDFs4sw%3D%7Ctkp%3ABk9SR9iJ56L0ZA
星のカービー 一番くじ カービーカフェ メニュー フィギュア チャーム マシュマロ オーレ,N/A,真新しい新品,発送元 日本,配送の指定なし,1499 円,N/A,https://www.ebay.com/itm/266870032758?_skw=Ichiban+Kuji&itmmeta=01JEH2SRK7MYKAN9XTTSFMXV5S&hash=item3e22b18976:g:RhcAAOSwmTJlK~O8&itmprp=enc%3AAQAJAAAA0HoV3kP08IDx%2BKZ9MfhVJKkFBfRBKec0TNw8ajPJrItgOdnYg5qEYV8ZsbgNWZR6LhXeJdDoMG0tgUvDO7jSg7WT5gTc%2Bnpl76nwIaWRvuU0FnViYygcWkHy7jnyvyNYHje3d7GuRy5MCLHlfDq8mh6dCROP8HE1ywisaqG6%2F2QnWos%2FVLEkDW%2BCrcIUk2wb8lSc9ohGzqlvRWXLuoh4Ed%2Bt9cGJxWElsFkPtb9Y%2Foa%2BgW%2F7GManvsqMErgUvzQsPcqnCZLj31huX%2FHMy7qJ0DA%3D%7Ctkp%3ABk9SR9iJ56L0ZA
賞品オープン エドワードニューゲートフィギュア 一番寺ワンピース版伝説,N/A,中古品,発送元 日本,送料無料,11048 円,N/A,https://www.ebay.com/itm/276756650367?_skw=Ichiban+Kuji&itmmeta=01JEH2SRK7T62S4EA4N1FW78Q4&hash=item406ffb597f:g:YiMAAOSwAE5nSVjz&itmprp=enc%3AAQAJAAAA0HoV3kP08IDx%2BKZ9MfhVJKmUOwF9WlroBa7VFaOBS3JjWchpF0MTMENfHsZBDuVMzDJTs6mid%2Fe79hFrg3f%2FOmzyr8fpmfL6vZr%2BYPWOsOHtnJiRDe3FjCy03g%2BqtyNwFxSj9dUHL8tF4eg2qBbGhVsfmokGYrUolL%2B6iveBgMQaE2diDTgcQBQK5kkAC5ZKJ4gKgp4Zdy1cmoec4bmO7oLErO5xwlUl7NxGt3Vl2iSBYVS1g6%2FsLj1fCA%2FxCMQz6OoBiR5BFwS8prv7wn59y3s%3D%7Ctkp%3ABk9SR9iJ56L0ZA
コンプリートセット ドラゴンボールZ 映画の歴史 一番くじカップ タンブラー 6個セット,N/A,真新しい新品,発送元 米国,"＋送料11,144 円",6149 円,N/A,https://www.ebay.com/itm/166892963294?_skw=Ichiban+Kuji&itmmeta=01JEH2SRK7D64PB8M3W7XWMSQJ&hash=item26db9885de:g:Y9AAAOSwh7lmqDr5&itmprp=enc%3AAQAJAAAA8HoV3kP08IDx%2BKZ9MfhVJKmYfGMWd%2FoyGYWFXB%2BWQXSxUeq%2BpX3OAyAOPWItdn4J5QWOmHtIvUPsfyUorP5CFcV6D5LKN5WVODQiV8ZIPTuh6fVo2ABWOYmdIFEi6fbHAIBdsDRYH3adgnyGumlp4YXZNRctjngV9fYlerA6j1wDFYTyPuOQOKSEG4Nc0of5tuT63A2KkxnpbPO9TyOV2BRT7G8JSz5yKzVNtVKrIBLohIAJWR%2BeKtX6cXLFYZBbT0hpVlYC1jlNO0WNlyiEwScNhUw8zDtlSc8%2FymGY%2B7kQ331XPXoYhyCOwmXpZINI%2BA%3D%3D%7Ctkp%3ABk9SR9qJ56L0ZA
一番くじ ドラゴンボールVSオムニバス賞C ゴジタブルーフィギュア 箱なし,N/A,中古品,発送元 米国,"＋送料9,003 円",10500 円,N/A,https://www.ebay.com/itm/156467060654?_skw=Ichiban+Kuji&itmmeta=01JEH2SRK778CF209XAWRM8Y5M&hash=item246e29dfae:g:cGoAAOSwEDFnE9ax&itmprp=enc%3AAQAJAAAA0HoV3kP08IDx%2BKZ9MfhVJKksS9uArgbbZfHor7drp4nd14DYPPxUjzSkYRcIdeobcdgLDA33i3%2FzWu3Qtqdys%2BQjpjlWp5oTrx0UG2hRrPsh9ML48WUwS1t52GPmknLiFCKEgqt8bPZo3KHSOUz%2BaGn5VgN%2FtTgrq55ivqqU5ZnRBMEc1is4oD%2BP3DEYlS785Czi7go4TMfYZcORsyFvPXcWPyXqPX4gOzWOHmE6wY9%2FMB7ObfvJ7%2BBiv%2B5Rt%2BsZXS4KrRTwmp%2FqAnXksL7xBC8%3D%7Ctkp%3ABk9SR9qJ56L0ZA
一番くじスライファー・ザ・スカイ ドラゴンフィギュア 遊戯王Vol.3 日本ラストワン賞,N/A,真新しい新品,発送元 米国,"＋送料12,296 円",17999 円,N/A,https://www.ebay.com/itm/305938567894?_skw=Ichiban+Kuji&itmmeta=01JEH2SRK7TBF7NHNAGN8WDS62&hash=item473b5c12d6:g:5YQAAOSwkFRnSCcU&itmprp=enc%3AAQAJAAAA0HoV3kP08IDx%2BKZ9MfhVJKl9q%2FHDprXEDMUo13NB2c9kvFjLLvJObrQbv0kpInCK71CM1r2xZ8%2Frz6ao68k4XhW5c6zKsxxlrdPtXruTsR2uUsxGH%2FzR1%2F3EBx17ML6Znr4v3FEhVhndCeSjx1aTzBVt%2FYk%2BkHDf98hmXC%2BeXeU%2BzhSMgmA8SZmWjh7owutoq72Dyap57i%2Fw8okjlHNA2y%2BHY9nyv03y4bF6eUa%2BfIaqdB7QfohAkXeeVA6WndKyhbOV62zMXubnO1OcXH2mEzw%3D%7Ctkp%3ABk9SR9qJ56L0ZA
ワンピース ロングハンドタオル ジムベ 一番くじ賞 M,N/A,真新しい新品,発送元 英国,"＋見積り送料 4,666 円",1338 円,N/A,https://www.ebay.com/itm/387418655338?_skw=Ichiban+Kuji&itmmeta=01JEH2SRK7D4PE9A142K9D7HSM&hash=item5a33f38a6a:g:BPUAAOSwOqZm8xJU&itmprp=enc%3AAQAJAAAA0HoV3kP08IDx%2BKZ9MfhVJKnxW75pfSMIrVrB72KVawfHe1meeyv9XXBmGS4kq%2FXpk3tKCG%2FJNSaUry8k77Rq5Amb5FKShma4rwDE%2B8LQiY3WYcDC2yym9zrZTYjz3VBlipilmYFO%2FQgNrDb%2BSnj2WLEf%2Fl9MGWGGKKU7CVCg6beYRrAazbDtZzk6T592OU%2B2vcYx5ABk4tLOhVHsm0TSMX4msLUgK%2BEtxmodbZBHKoZ4XUXAYfy1V9TnuieuNYACiVdj2bQPD6IKknTh%2FElrx7Q%3D%7Ctkp%3ABk9SR9qJ56L0ZA
ジョジョの奇妙な冒険 ナルシソアナスイ フィギュア D賞 一番くじ 英国セラー,N/A,真新しい新品,発送元 英国,"＋見積り送料 4,993 円",11468 円,N/A,https://www.ebay.com/itm/296792784005?_skw=Ichiban+Kuji&itmmeta=01JEH2SRK7H94QCND0R3G4AQ8Y&hash=item451a3a7c85:g:3asAAOSwQsdnJ600&itmprp=enc%3AAQAJAAAA0HoV3kP08IDx%2BKZ9MfhVJKkTBRVz3SrRp56qkOCbzEWkear3Wdy45UdgtdFgEbjrqVnEz3t0y4AkgHlMC5h0hRgtIIIQJTy6jbtcreXvmc6zYVqvUKbR6cAi2btxk%2BFX6kHIfskaTMzUes9HcXZ8zUpzX2kbp1pmQRt5aG8pzPlByUdbuKUiW8CxLU1P7UDozDc%2BzgX%2FFE3Xh6kzAcY02SOKYeb0glzl%2BeC%2BloOS%2FSimLeArqskQcvwDB1wr1RqDSfvEaZI%2FeUxuZLFBvOmmJKY%3D%7Ctkp%3ABk9SR9qJ56L0ZA
僕のヒーローアカデミア ザトップ5!いちばんくじ アクリルスタンド ギャングオルカ,N/A,真新しい新品,発送元 日本,送料無料,900 円,N/A,https://www.ebay.com/itm/354463720122?_skw=Ichiban+Kuji&itmmeta=01JEH2SRK79S4PKYF15291VVV9&hash=item5287af22ba:g:MyoAAOSw2oNjoKKt&itmprp=enc%3AAQAJAAAA0HoV3kP08IDx%2BKZ9MfhVJKmbS9XEMbi3TJiT8EIDAIrETr3ZkDgKwHgqp9EJZYut4cxyYio7lpGlmM2cBeZfWWd3lhpXY6TmrXIFBOzbq2nSbbLOdPW355eiSRLXEWFuc%2FWzAPHpzsMMq9EsSw5JeVkojyyJWHLWUoOV9YzVWi48f3MQ9px5yMRhcU0lhN8CFzLdtR%2BQ3Udm0dK5o0GWBZ%2FmYReqQkxLM9TMfjryg4j5w5IIj9tL5beNvuoQ27lCe4vwaxk6PVD3yE%2Ff5GQLzfw%3D%7Ctkp%3ABk9SR9qJ56L0ZA
プエラマジ まどかマジカ トモエマミ フィギュア賞C 一番くじ 日本,N/A,中古品,発送元 日本,送料無料,8400 円,N/A,https://www.ebay.com/itm/144624294901?_skw=Ichiban+Kuji&itmmeta=01JEH2SRK79S7J2245HZGMNAGN&hash=item21ac479bf5:g:6s4AAOSwQ2liuqmj&itmprp=enc%3AAQAJAAAA8HoV3kP08IDx%2BKZ9MfhVJKm6e5cvKJq5MKBGluhZ5z5PH%2FlfBBiA%2FBGeGppLpQt15LoAcVSMyhEjxt1rslTDWhmrDdldpoYuZQ7ipGwo%2Byu%2BxCk2QLpTq1uW%2FUDB4nQFRTg41DpnjkEtZ3GjZSduQZ%2F8lmtqB5DZ%2Fk%2FDajG7i5qxSErkP592GkjFGvgRWwIQ2IFrCMQRdLoxt1AYGxbG6k0e3uyQ8PIDITgRg6rARHyKFVXt29NBGcqq0XqB2YHXC8jhTl%2FZINWYop8l30mtVpIhCgXb3WvZaDHOE9ihhcact22RjThvTpySWuEn6srwfg%3D%3D%7Ctkp%3ABk9SR9qJ56L0ZA
ドラゴンボール「一番くじ」賞Bセルパーフェクトフォームフィギュア レア,N/A,真新しい新品,発送元 日本,"＋送料1,500 円",6000 円,N/A,https://www.ebay.com/itm/134056892898?_skw=Ichiban+Kuji&itmmeta=01JEH2SRK70509XG5VP52W61N6&hash=item1f3669d9e2:g:oNkAAOSwOGdi6VI2&itmprp=enc%3AAQAJAAAA0HoV3kP08IDx%2BKZ9MfhVJKn22uKGYxwDL3CSI3dtFw7W6%2BpQOoru%2FtKP6IEXmBAN7q6rh1nHPxvhCdX2TlEOZ2FSzVmykiQPC7P5zwQnbd2RyNhmZUN4%2F7PcbxG%2FWryyUcZbzrQJbT1gmQZ9lwUA0zjaHY%2BPFMOJfQVvC91xfaUOrhLy4HHMyyeeyC49HiN2C6Jnqui%2FXyDPD8BSS8snFdfYW6Khv2SoD3h6Uo6gjyyAcoeNEcfhHKailJB1F8Zhp%2BkMthNd%2Bc7G9usbwho19qA%3D%7Ctkp%3ABk9SR9qJ56L0ZA
ワンピースフィルム レッドヘルメッポ 一番くじゴム キーホルダー,N/A,真新しい新品,発送元 米国,"＋送料3,113 円",600 円,N/A,https://www.ebay.com/itm/305808399801?_skw=Ichiban+Kuji&epid=18057391593&itmmeta=01JEH2SRK7SC5MA9Q1Z36CJCPK&hash=item473399ddb9:g:OZcAAOSwEwdm9su1&itmprp=enc%3AAQAJAAAA4HoV3kP08IDx%2BKZ9MfhVJKlB96iS1pj0UjNCvmvLZaz2rsJnvstfvhpbmeBe4goX8%2B9eIr5S0xx186uUNkbGGzkwQdCmjRXVP2t3P4gqj9M3o1jQ%2BnY4QTyEeYpJDDzEF0MvuDAL%2BpZHZPEXHx71A3GlUD8MdxN1W%2BzaRbXqLVlItRk0mZA%2Bu6LbLoNENgSR7d7bqXosgOxCxi%2BmaMUN0E%2BC39hqpCA%2FRoHQMkaHDzk%2BwEGJ7%2Bcw%2FvpYdAE99WwqmKxxBljS1qSjCmrm9yV2P6VSnYf8Rz1dI2juqIIw9qZa%7Ctkp%3ABk9SR9qJ56L0ZA
たまごっちくちっぽち一番くじハンドタオル、輸入日本,N/A,真新しい新品,発送元 英国,"＋見積り送料 3,433 円",1434 円,N/A,https://www.ebay.com/itm/286167191905?_skw=Ichiban+Kuji&itmmeta=01JEH2SRK7SR4KEJYHYKJGY0AQ&hash=item42a0e4d161:g:7TQAAOSwHOlnOWNT&itmprp=enc%3AAQAJAAAA0HoV3kP08IDx%2BKZ9MfhVJKlRDnahNfcBQInNPQiAcGkcg83Ox6x1UeERHdqEPmGX0c%2BEai%2FVzP46RVO95F7PAcrrxjGZB2abTBS8B1DbEcwbGbJqztiCJSoGajmKmXFpYNa36k46mdJYEds5bMoJfzZq4an5ZUBKO869i33P9BEjMPCdt5nZ039nwwMEampLOsdKwnUL8xb4G8b8bCNIVcNSJqi0Q%2FTllC3R5Teg5IkN3NUU%2FFfkpSUZHoCfS3MFwiKiDz4N85TCyKJ4MBXeqWM%3D%7Ctkp%3ABk9SR9qJ56L0ZA
ワンピース エッグヘッド 一番くじ ロングタオル ルフィとゾロ,N/A,真新しい新品,発送元 英国,"＋見積り送料 4,922 円",1912 円,N/A,https://www.ebay.com/itm/196792971424?_skw=Ichiban+Kuji&itmmeta=01JEH2SRK73NSEFZDSFDG49D9K&hash=item2dd1c670a0:g:um8AAOSwbBxnLl4C&itmprp=enc%3AAQAJAAAA0HoV3kP08IDx%2BKZ9MfhVJKncRWVaNAs8p1%2FmRlTXnABjr62KSaE4oDWxNcNRCiMsMbCu1HZchUqgMiiPQyCF8wFcfSiP9pNEfUzlJdZ6GG219lKcB0MfMB30f5D4DlRxunhgbzCD%2BEcMybbDL9J0OiD5VsK5X8ED4SXwcGrBUcpzqjwQlHcIP2aV43sQwtInp0uvm9wq3P8UbhWQTeABhOwPXY7GVMfkpy6UvML%2B75530jDCrY6tuCzhUJl4CgEC5l59w3pOLn%2BbJR9v6IKZVE0%3D%7Ctkp%3ABk9SR9yJ56L0ZA
TYPE-MOON一番んくじえみやさんちのきょうのごはんアークキーホルダー/キャスターメディア,N/A,真新しい新品,発送元 米国,"＋送料3,056 円",5843 円,N/A,https://www.ebay.com/itm/355686599477?_skw=Ichiban+Kuji&itmmeta=01JEH2SRK73MBE5RGZPE48BP5Y&hash=item52d092cb35:g:xX0AAOSwAl5mNYJ1&itmprp=enc%3AAQAJAAAA8HoV3kP08IDx%2BKZ9MfhVJKmOTVBsKow4bidB9%2FMeAogXs5Cgt7dUBoYSPGNqaF7beGEMJBF5Tj7dEsbWW38Oh%2BwUiKxn9V%2FbVqsNhTJCOwSXQ4mSkGOjJbSuvPsJv2SKqJcAkYLPl9PtQAsfP8F8S8kDq8MeqDxXmrPGpLLt59b3wzRvZ3uR%2BGXr7HOnXSp5L8RsXTWudcbOVPHJTZbpV%2B4gi6t09bQ%2F8VMmH5KftOtdJ1cceabNnoVzgeDQvjScblA50rXmhpyEDGcA92XsAuqBwzupkMuz9VzzfX4Wl8KeKtOGs7jQd%2BkXt8kmMnknHw%3D%3D%7Ctkp%3ABk9SR9yJ56L0ZA
星のカービー一番くじプププププニューライフ2コースターカービーとワドルディー新品!,N/A,真新しい新品,発送元 日本,"＋送料1,320 円",2399 円,N/A,https://www.ebay.com/itm/266618265713?_skw=Ichiban+Kuji&itmmeta=01JEH2SRK7XGRTRY5B9CQSFXAM&hash=item3e13afe071:g:2XwAAOSw4g1lpKRT&itmprp=enc%3AAQAJAAAA0HoV3kP08IDx%2BKZ9MfhVJKkxda7rtC4JAbwMTMXSMNDAWPq3q6D%2FkU51x4MoPuWiFshddBbNABTar45h2mKRn0zetOBSLo3%2FHw8SVEOtIoB%2FqrMmJ69rNbQGESQ96eaLu%2FHdQRMBcozMvXQPbCwuNogXEfKya6QzmkQWnMHGSsHwHswCTsMMiodLnnYOX4ehFHJ21%2FaC8BZPnOr4D%2FmKDz%2FUIC7Xb2zlVVKOacPCoWbwI2TNXRelikRdzovY20HQgZ%2FHGwr48LWaLYu%2FULvHMD0%3D%7Ctkp%3ABk9SR9yJ56L0ZA
ワンピース一番くじ D賞 石ソンソンマグカップ新品 FS JP,N/A,真新しい新品,発送元 日本,送料無料,6000 円,N/A,https://www.ebay.com/itm/196592186657?_skw=Ichiban+Kuji&itmmeta=01JEH2SRK75AHBFNCNZGBVH06C&hash=item2dc5ceb521:g:6GQAAOSwefRm0UB2&itmprp=enc%3AAQAJAAAA0HoV3kP08IDx%2BKZ9MfhVJKmwfj98NkVsVAYcxQX0oNPMEzXGbK1bXI6tEWGT3oTAaM%2FyUxMc03XOgergnjHcAPIm8dJIVS%2Bfh0nEoBesDbQDlAgIjPpk4yMdeD1%2BQ6Osf%2B83D4lHDyXm%2F63QzRfvHqAuz1RS9Fhmta2yibCXgC9ucLq4Mzyl6j2RUdT0dc04yUNrKdzqzpgmKo09mGBYPeNUoiS%2Fy%2BJELroJ9tz7br4tYvSYkXMuSBRoMOwCCPHxwByWOAVQxYdJffv%2Bk0ShHvA%3D%7Ctkp%3ABk9SR9yJ56L0ZA
柔術海戦渋谷事件3 一番くじマコラ フィギュア賞 最後の1つ,N/A,真新しい新品,発送元 日本,送料無料,22499 円,N/A,https://www.ebay.com/itm/196811299413?_skw=Ichiban+Kuji&itmmeta=01JEH2SRK7KM5WV73YSBYZPNMG&hash=item2dd2de1a55:g:c0gAAOSwmQlnNeAQ&itmprp=enc%3AAQAJAAAA0HoV3kP08IDx%2BKZ9MfhVJKm7hjy1uoE6tm%2F7rCmBkSucswy4mGbFC9YFAn10DpG68jqkqrpq2aCbNX8ulU1QerfuDYLREQyq6JS9eC71vmaLksXbHrazUX86ex8Fi7Yrmbogx5EqYBOIDPsLywa7QCSpkAPc3213pDm3qGgsmNrGNWUzrWC4R4U2ie8aenyjyUeeECRDxo3LdPAouvXSD2KixQL7Szx9kYwmGp8l5NI%2B76z5NazIlTkeJz1b3g2gGMqTy0KRs5jySCYBFUQMryo%3D%7Ctkp%3ABk9SR9yJ56L0ZA
ジョジョの奇妙な冒険 スターダストクルセイダーズ ディオブランド フィギュア 一番くじ,N/A,真新しい新品,発送元 米国,"＋送料9,003 円",10499 円,N/A,https://www.ebay.com/itm/145909358004?_skw=Ichiban+Kuji&itmmeta=01JEH2SRK8W20H99PCKA1JFTX3&hash=item21f8e01db4:g:G6cAAOSw~7ZmoXCw&itmprp=enc%3AAQAJAAAA0HoV3kP08IDx%2BKZ9MfhVJKkZBExt7iR%2FAN9XPqsNcj7DDb24zd4pSiEQgpINiNCPttKc2y7AkqqpCVDP%2F1YCBfi8xr%2BvXks%2FMwKMLYhHjrd3YDUaGtsDF773EWSinTGBNlkbOC8mFyjq4nkbguWfs87vo8SriwrX1Bbt%2FzqeRohVvdhDeiwrCPPmqHT8J3gwm3%2BRn5axvM5ZubKDb9Ei6%2BSaDmPvOpMUDXjlSYFby8fXK93g7%2BRM405cUmjsli%2FYovscNlEw2f8TT32rsJl7HdM%3D%7Ctkp%3ABk9SR9yJ56L0ZA
Ichiban Kuji Evangelion 3.0 + 1.0エントリースタート! チャーム いかりしんじ&NERV,N/A,真新しい新品,発送元 米国,国際配送無料,1800 円,N/A,https://www.ebay.com/itm/355183079623?_skw=Ichiban+Kuji&itmmeta=01JEH2SRK87ME24V9JYKFJDY3E&hash=item52b28fb0c7:g:KuQAAOSwCzhlTowf&itmprp=enc%3AAQAJAAAA8HoV3kP08IDx%2BKZ9MfhVJKl48EYSZsxl6fh56LwaH05OaL8OEjU6jNQ4hkLpPRouAyvskGB17IWs0%2Bk82dcpyd5Jrn84%2BnWOgzDTsYfpZYZbeDl0Tk2Qpxt8AkPiGb2gwbMAenn0CPQfQDufJR5X%2FDQxktIzFcWgwFGZATeSr%2FDq9aWJX%2BxFwDdq5AzPMM%2Fjy7xcKKdBqRvDy20pIS%2BGEL9Vnr9rcmMKa8rWGchJC85KUPyI7Kvc%2FaYSwt5Hom0Uy3MqxVz9vHgmED7V4UVUx2nxMSkdUATaEbVa3vyqsDV4VxGkSeOlAonRKY3f6USxDg%3D%3D%7Ctkp%3ABk9SR9yJ56L0ZA
ルパン三世 第3番 クジ DX マスターピース フィギュア ルパン 藤子セット X 2,N/A,真新しい新品,発送元 日本,送料無料,13499 円,N/A,https://www.ebay.com/itm/166603093886?_skw=Ichiban+Kuji&itmmeta=01JEH2SRK81PTNAN6PDWGVJ855&hash=item26ca51777e:g:F1wAAOSwZVhl0H~6&itmprp=enc%3AAQAJAAAA8HoV3kP08IDx%2BKZ9MfhVJKk%2BGOKi7UEuNqaWredKtjWGUwq2myd02aFBYTJxbvF%2B6PMvoj0BZmB9FRzMlN%2B4Fjp8cQG9MbkZlmPOGoC353Xjl%2FQwywMHkMgoR70kwtk3lXw%2FY9JRlc7azPjgms0aULjje%2FOtk6rZANzlxZxBQLmZIzcyFfZ3d9NFgJe%2BvFJCFPrWiqkO6iYgCXxabpRp6wl1eDAn5PCyzrJlXGrhgaZrp0GOxEDPUsqUNQdr4jyJw%2FH3ttal0yT0l8bcP5yp9zNFhKhI61RV4m4Ow3Ad2yBF5lXKEEXo2xux6nNCHPwYnA%3D%3D%7Ctkp%3ABk9SR9yJ56L0ZA
ワンピースフィルム レッド トラファルガー ロー 一番くじ ラバー キーホルダー,N/A,真新しい新品,発送元 米国,"＋送料3,113 円",600 円,N/A,https://www.ebay.com/itm/305808401118?_skw=Ichiban+Kuji&epid=18057391593&itmmeta=01JEH2SRK8BK4RD6AST1MXKSY3&hash=item473399e2de:g:mCcAAOSwE0xm9svZ&itmprp=enc%3AAQAJAAAA4HoV3kP08IDx%2BKZ9MfhVJKmlc9iq%2FgR%2BXFyvYgI3KdTxZTjZixKYdEYIsBsKG9Q9HOe%2FXuqh808HyyTLGhS2ItYU2apptHBD5a0pQdTatocbflsj0a86ez3r06F8kjpjPp3yvWjbB7M2Ow%2FFliaCqwS33bS7J4eu5h4En%2FHHIYu6PJxUye4c%2BexPGXkG%2Fu3icear1dX5rEcRFDjKZNDu21mNMaVV0hFI0l45gEVxn%2F7swn6hS61spUBqWJ0%2BMp6jH01pv1u9NhuJEvVD%2FWYWZQZe%2B22%2FUcKKVkLrQzJK6NMl%7Ctkp%3ABk9SR9yJ56L0ZA
